,Date,Real_rate
10,2009-01-11,9.5
11,2009-01-12,9.5
12,2009-01-13,9.5
13,2009-01-14,9.5
14,2009-01-15,9.5
15,2009-01-16,9.5
18,2009-01-19,9.5
19,2009-01-20,9.5
20,2009-01-21,9.5
21,2009-01-22,9.5
22,2009-01-23,9.5
25,2009-01-26,9.5
26,2009-01-27,9.5
27,2009-01-28,9.5
28,2009-01-29,9.5
29,2009-01-30,9.5
32,2009-02-02,9.5
33,2009-02-03,9.5
34,2009-02-04,9.5
35,2009-02-05,9.5
36,2009-02-06,9.5
39,2009-02-09,9.5
40,2009-02-10,9.5
41,2009-02-11,9.5
42,2009-02-12,9.5
43,2009-02-13,9.5
46,2009-02-16,9.5
47,2009-02-17,9.5
48,2009-02-18,9.5
49,2009-02-19,9.5
50,2009-02-20,9.5
54,2009-02-24,9.5
55,2009-02-25,9.5
56,2009-02-26,9.5
57,2009-02-27,9.5
60,2009-03-02,10.5
61,2009-03-03,10.5
62,2009-03-04,10.5
63,2009-03-05,10.5
64,2009-03-06,10.5
68,2009-03-10,10.5
69,2009-03-11,10.5
70,2009-03-12,10.5
71,2009-03-13,10.5
74,2009-03-16,10.5
75,2009-03-17,10.5
76,2009-03-18,10.5
77,2009-03-19,10.5
78,2009-03-20,10.5
81,2009-03-23,10.5
82,2009-03-24,10.5
83,2009-03-25,10.5
84,2009-03-26,10.5
85,2009-03-27,10.5
88,2009-03-30,10.5
89,2009-03-31,10.5
90,2009-04-01,10.5
91,2009-04-02,10.5
92,2009-04-03,10.5
95,2009-04-06,10.5
96,2009-04-07,10.5
97,2009-04-08,10.5
98,2009-04-09,10.5
99,2009-04-10,10.5
102,2009-04-13,10.5
103,2009-04-14,10.5
104,2009-04-15,10.5
105,2009-04-16,10.5
106,2009-04-17,10.5
109,2009-04-20,10.5
110,2009-04-21,10.5
111,2009-04-22,10.5
112,2009-04-23,10.5
113,2009-04-24,10.5
116,2009-04-27,10.5
117,2009-04-28,10.5
118,2009-04-29,10.5
119,2009-04-30,10.5
123,2009-05-04,10.0
124,2009-05-05,10.0
125,2009-05-06,10.0
126,2009-05-07,10.0
127,2009-05-08,10.0
131,2009-05-12,10.0
132,2009-05-13,10.0
133,2009-05-14,10.0
134,2009-05-15,10.0
137,2009-05-18,10.0
138,2009-05-19,10.0
139,2009-05-20,10.0
140,2009-05-21,10.0
141,2009-05-22,10.0
144,2009-05-25,10.0
145,2009-05-26,10.0
146,2009-05-27,10.0
147,2009-05-28,10.0
148,2009-05-29,10.0
151,2009-06-01,9.5
152,2009-06-02,9.5
153,2009-06-03,9.5
154,2009-06-04,9.5
155,2009-06-05,9.5
158,2009-06-08,9.5
159,2009-06-09,9.5
160,2009-06-10,9.5
161,2009-06-11,9.5
165,2009-06-15,9.5
166,2009-06-16,9.5
167,2009-06-17,9.5
168,2009-06-18,9.5
169,2009-06-19,9.5
172,2009-06-22,9.5
173,2009-06-23,9.5
174,2009-06-24,9.5
175,2009-06-25,9.5
176,2009-06-26,9.5
179,2009-06-29,9.5
180,2009-06-30,9.5
181,2009-07-01,9.0
182,2009-07-02,9.0
183,2009-07-03,9.0
186,2009-07-06,9.0
187,2009-07-07,9.0
188,2009-07-08,9.0
189,2009-07-09,9.0
190,2009-07-10,9.0
193,2009-07-13,9.0
194,2009-07-14,9.0
195,2009-07-15,9.0
196,2009-07-16,9.0
197,2009-07-17,9.0
200,2009-07-20,9.0
201,2009-07-21,9.0
202,2009-07-22,9.0
203,2009-07-23,9.0
204,2009-07-24,9.0
207,2009-07-27,9.0
208,2009-07-28,9.0
209,2009-07-29,9.0
210,2009-07-30,9.0
211,2009-07-31,9.0
214,2009-08-03,8.5
215,2009-08-04,8.5
216,2009-08-05,8.5
217,2009-08-06,8.5
218,2009-08-07,8.5
221,2009-08-10,8.5
222,2009-08-11,8.5
223,2009-08-12,8.5
224,2009-08-13,8.5
225,2009-08-14,8.5
228,2009-08-17,8.5
229,2009-08-18,8.5
230,2009-08-19,8.5
231,2009-08-20,8.5
232,2009-08-21,8.5
235,2009-08-24,8.5
236,2009-08-25,8.5
237,2009-08-26,8.5
238,2009-08-27,8.5
239,2009-08-28,8.5
242,2009-08-31,8.5
243,2009-09-01,8.25
244,2009-09-02,8.25
245,2009-09-03,8.25
246,2009-09-04,8.25
249,2009-09-07,8.25
250,2009-09-08,8.25
251,2009-09-09,8.25
252,2009-09-10,8.25
253,2009-09-11,8.25
256,2009-09-14,8.25
257,2009-09-15,8.25
258,2009-09-16,8.25
259,2009-09-17,8.25
260,2009-09-18,8.25
263,2009-09-21,8.25
264,2009-09-22,8.25
265,2009-09-23,8.25
266,2009-09-24,8.25
267,2009-09-25,8.25
270,2009-09-28,8.25
271,2009-09-29,8.25
272,2009-09-30,8.25
273,2009-10-01,7.25
274,2009-10-02,7.25
277,2009-10-05,7.25
278,2009-10-06,7.25
279,2009-10-07,7.25
280,2009-10-08,7.25
281,2009-10-09,7.25
284,2009-10-12,7.25
285,2009-10-13,7.25
286,2009-10-14,7.25
287,2009-10-15,7.25
288,2009-10-16,7.25
291,2009-10-19,7.25
292,2009-10-20,7.25
293,2009-10-21,7.25
294,2009-10-22,7.25
295,2009-10-23,7.25
298,2009-10-26,7.25
299,2009-10-27,7.25
300,2009-10-28,7.25
301,2009-10-29,7.25
302,2009-10-30,7.25
305,2009-11-02,6.75
306,2009-11-03,6.75
308,2009-11-05,6.75
309,2009-11-06,6.75
312,2009-11-09,6.75
313,2009-11-10,6.75
314,2009-11-11,6.75
315,2009-11-12,6.75
316,2009-11-13,6.75
319,2009-11-16,6.75
320,2009-11-17,6.75
321,2009-11-18,6.75
322,2009-11-19,6.75
323,2009-11-20,6.75
326,2009-11-23,6.75
327,2009-11-24,6.75
328,2009-11-25,6.75
329,2009-11-26,6.75
330,2009-11-27,6.75
333,2009-11-30,6.75
334,2009-12-01,6.25
335,2009-12-02,6.25
336,2009-12-03,6.25
337,2009-12-04,6.25
340,2009-12-07,6.25
341,2009-12-08,6.25
342,2009-12-09,6.25
343,2009-12-10,6.25
344,2009-12-11,6.25
347,2009-12-14,6.25
348,2009-12-15,6.25
349,2009-12-16,6.25
350,2009-12-17,6.25
351,2009-12-18,6.25
354,2009-12-21,6.25
355,2009-12-22,6.25
356,2009-12-23,6.25
357,2009-12-24,6.25
358,2009-12-25,6.25
361,2009-12-28,6.25
362,2009-12-29,6.25
363,2009-12-30,6.25
375,2010-01-11,6.0
376,2010-01-12,6.0
377,2010-01-13,6.0
378,2010-01-14,6.0
379,2010-01-15,6.0
382,2010-01-18,6.0
383,2010-01-19,6.0
384,2010-01-20,6.0
385,2010-01-21,6.0
386,2010-01-22,6.0
389,2010-01-25,6.0
390,2010-01-26,6.0
391,2010-01-27,6.0
392,2010-01-28,6.0
393,2010-01-29,6.0
396,2010-02-01,6.0
397,2010-02-02,6.0
398,2010-02-03,6.0
399,2010-02-04,6.0
400,2010-02-05,6.0
403,2010-02-08,6.0
404,2010-02-09,6.0
405,2010-02-10,6.0
406,2010-02-11,6.0
407,2010-02-12,6.0
410,2010-02-15,6.0
411,2010-02-16,6.0
412,2010-02-17,6.0
413,2010-02-18,6.0
414,2010-02-19,6.0
419,2010-02-24,6.0
420,2010-02-25,6.0
421,2010-02-26,6.0
422,2010-02-27,6.0
424,2010-03-01,5.75
425,2010-03-02,5.75
426,2010-03-03,5.75
427,2010-03-04,5.75
428,2010-03-05,5.75
432,2010-03-09,5.75
433,2010-03-10,5.75
434,2010-03-11,5.75
435,2010-03-12,5.75
438,2010-03-15,5.75
439,2010-03-16,5.75
440,2010-03-17,5.75
441,2010-03-18,5.75
442,2010-03-19,5.75
445,2010-03-22,5.75
446,2010-03-23,5.75
447,2010-03-24,5.75
448,2010-03-25,5.75
449,2010-03-26,5.75
452,2010-03-29,5.75
453,2010-03-30,5.75
454,2010-03-31,5.75
455,2010-04-01,5.5
456,2010-04-02,5.5
459,2010-04-05,5.5
460,2010-04-06,5.5
461,2010-04-07,5.5
462,2010-04-08,5.5
463,2010-04-09,5.5
466,2010-04-12,5.5
467,2010-04-13,5.5
468,2010-04-14,5.5
469,2010-04-15,5.5
470,2010-04-16,5.5
473,2010-04-19,5.5
474,2010-04-20,5.5
475,2010-04-21,5.5
476,2010-04-22,5.5
477,2010-04-23,5.5
480,2010-04-26,5.5
481,2010-04-27,5.5
482,2010-04-28,5.5
483,2010-04-29,5.5
484,2010-04-30,5.5
488,2010-05-04,5.25
489,2010-05-05,5.25
490,2010-05-06,5.25
491,2010-05-07,5.25
495,2010-05-11,5.25
496,2010-05-12,5.25
497,2010-05-13,5.25
498,2010-05-14,5.25
501,2010-05-17,5.25
502,2010-05-18,5.25
503,2010-05-19,5.25
504,2010-05-20,5.25
505,2010-05-21,5.25
508,2010-05-24,5.25
509,2010-05-25,5.25
510,2010-05-26,5.25
511,2010-05-27,5.25
512,2010-05-28,5.25
515,2010-05-31,5.25
516,2010-06-01,5.25
517,2010-06-02,5.25
518,2010-06-03,5.25
519,2010-06-04,5.25
522,2010-06-07,5.25
523,2010-06-08,5.25
524,2010-06-09,5.25
525,2010-06-10,5.25
526,2010-06-11,5.25
530,2010-06-15,5.25
531,2010-06-16,5.25
532,2010-06-17,5.25
533,2010-06-18,5.25
536,2010-06-21,5.25
537,2010-06-22,5.25
538,2010-06-23,5.25
539,2010-06-24,5.25
540,2010-06-25,5.25
543,2010-06-28,5.25
544,2010-06-29,5.25
545,2010-06-30,5.25
546,2010-07-01,5.0
547,2010-07-02,5.0
550,2010-07-05,5.0
551,2010-07-06,5.0
552,2010-07-07,5.0
553,2010-07-08,5.0
554,2010-07-09,5.0
557,2010-07-12,5.0
558,2010-07-13,5.0
559,2010-07-14,5.0
560,2010-07-15,5.0
561,2010-07-16,5.0
564,2010-07-19,5.0
565,2010-07-20,5.0
566,2010-07-21,5.0
567,2010-07-22,5.0
568,2010-07-23,5.0
571,2010-07-26,5.0
572,2010-07-27,5.0
573,2010-07-28,5.0
574,2010-07-29,5.0
575,2010-07-30,5.0
578,2010-08-02,5.0
579,2010-08-03,5.0
580,2010-08-04,5.0
581,2010-08-05,5.0
582,2010-08-06,5.0
585,2010-08-09,5.0
586,2010-08-10,5.0
587,2010-08-11,5.0
588,2010-08-12,5.0
589,2010-08-13,5.0
592,2010-08-16,5.0
593,2010-08-17,5.0
594,2010-08-18,5.0
595,2010-08-19,5.0
596,2010-08-20,5.0
599,2010-08-23,5.0
600,2010-08-24,5.0
601,2010-08-25,5.0
602,2010-08-26,5.0
603,2010-08-27,5.0
606,2010-08-30,5.0
607,2010-08-31,5.0
608,2010-09-01,5.0
609,2010-09-02,5.0
610,2010-09-03,5.0
613,2010-09-06,5.0
614,2010-09-07,5.0
615,2010-09-08,5.0
616,2010-09-09,5.0
617,2010-09-10,5.0
620,2010-09-13,5.0
621,2010-09-14,5.0
622,2010-09-15,5.0
623,2010-09-16,5.0
624,2010-09-17,5.0
627,2010-09-20,5.0
628,2010-09-21,5.0
629,2010-09-22,5.0
630,2010-09-23,5.0
631,2010-09-24,5.0
634,2010-09-27,5.0
635,2010-09-28,5.0
636,2010-09-29,5.0
637,2010-09-30,5.0
638,2010-10-01,5.0
641,2010-10-04,5.0
642,2010-10-05,5.0
643,2010-10-06,5.0
644,2010-10-07,5.0
645,2010-10-08,5.0
648,2010-10-11,5.0
649,2010-10-12,5.0
650,2010-10-13,5.0
651,2010-10-14,5.0
652,2010-10-15,5.0
655,2010-10-18,5.0
656,2010-10-19,5.0
657,2010-10-20,5.0
658,2010-10-21,5.0
659,2010-10-22,5.0
662,2010-10-25,5.0
663,2010-10-26,5.0
664,2010-10-27,5.0
665,2010-10-28,5.0
666,2010-10-29,5.0
669,2010-11-01,5.0
670,2010-11-02,5.0
671,2010-11-03,5.0
676,2010-11-08,5.0
677,2010-11-09,5.0
678,2010-11-10,5.0
679,2010-11-11,5.0
680,2010-11-12,5.0
681,2010-11-13,5.0
683,2010-11-15,5.0
684,2010-11-16,5.0
685,2010-11-17,5.0
686,2010-11-18,5.0
687,2010-11-19,5.0
690,2010-11-22,5.0
691,2010-11-23,5.0
692,2010-11-24,5.0
693,2010-11-25,5.0
694,2010-11-26,5.0
697,2010-11-29,5.0
698,2010-11-30,5.0
699,2010-12-01,5.0
700,2010-12-02,5.0
701,2010-12-03,5.0
704,2010-12-06,5.0
705,2010-12-07,5.0
706,2010-12-08,5.0
707,2010-12-09,5.0
708,2010-12-10,5.0
711,2010-12-13,5.0
712,2010-12-14,5.0
713,2010-12-15,5.0
714,2010-12-16,5.0
715,2010-12-17,5.0
718,2010-12-20,5.0
719,2010-12-21,5.0
720,2010-12-22,5.0
721,2010-12-23,5.0
722,2010-12-24,5.0
725,2010-12-27,5.0
726,2010-12-28,5.0
727,2010-12-29,5.0
728,2010-12-30,5.0
740,2011-01-11,5.0
741,2011-01-12,5.0
742,2011-01-13,5.0
743,2011-01-14,5.0
746,2011-01-17,5.0
747,2011-01-18,5.0
748,2011-01-19,5.0
749,2011-01-20,5.0
750,2011-01-21,5.0
753,2011-01-24,5.0
754,2011-01-25,5.0
755,2011-01-26,5.0
756,2011-01-27,5.0
757,2011-01-28,5.0
760,2011-01-31,5.0
761,2011-02-01,5.0
762,2011-02-02,5.0
763,2011-02-03,5.0
764,2011-02-04,5.0
767,2011-02-07,5.0
768,2011-02-08,5.0
769,2011-02-09,5.0
770,2011-02-10,5.0
771,2011-02-11,5.0
774,2011-02-14,5.0
775,2011-02-15,5.0
776,2011-02-16,5.0
777,2011-02-17,5.0
778,2011-02-18,5.0
781,2011-02-21,5.0
782,2011-02-22,5.0
784,2011-02-24,5.0
785,2011-02-25,5.0
788,2011-02-28,5.0
789,2011-03-01,5.25
790,2011-03-02,5.25
791,2011-03-03,5.25
792,2011-03-04,5.25
793,2011-03-05,5.25
797,2011-03-09,5.25
798,2011-03-10,5.25
799,2011-03-11,5.25
802,2011-03-14,5.25
803,2011-03-15,5.25
804,2011-03-16,5.25
805,2011-03-17,5.25
806,2011-03-18,5.25
809,2011-03-21,5.25
810,2011-03-22,5.25
811,2011-03-23,5.25
812,2011-03-24,5.25
813,2011-03-25,5.25
816,2011-03-28,5.25
817,2011-03-29,5.25
818,2011-03-30,5.25
819,2011-03-31,5.25
820,2011-04-01,5.25
823,2011-04-04,5.25
824,2011-04-05,5.25
825,2011-04-06,5.25
826,2011-04-07,5.25
827,2011-04-08,5.25
830,2011-04-11,5.25
831,2011-04-12,5.25
832,2011-04-13,5.25
833,2011-04-14,5.25
834,2011-04-15,5.25
837,2011-04-18,5.25
838,2011-04-19,5.25
839,2011-04-20,5.25
840,2011-04-21,5.25
841,2011-04-22,5.25
844,2011-04-25,5.25
845,2011-04-26,5.25
846,2011-04-27,5.25
847,2011-04-28,5.25
848,2011-04-29,5.25
852,2011-05-03,5.25
853,2011-05-04,5.25
854,2011-05-05,5.25
855,2011-05-06,5.25
859,2011-05-10,5.25
860,2011-05-11,5.25
861,2011-05-12,5.25
862,2011-05-13,5.25
865,2011-05-16,5.25
866,2011-05-17,5.25
867,2011-05-18,5.25
868,2011-05-19,5.25
869,2011-05-20,5.25
872,2011-05-23,5.25
873,2011-05-24,5.25
874,2011-05-25,5.25
875,2011-05-26,5.25
876,2011-05-27,5.25
879,2011-05-30,5.25
880,2011-05-31,5.25
881,2011-06-01,5.25
882,2011-06-02,5.25
883,2011-06-03,5.25
886,2011-06-06,5.25
887,2011-06-07,5.25
888,2011-06-08,5.25
889,2011-06-09,5.25
890,2011-06-10,5.25
894,2011-06-14,5.25
895,2011-06-15,5.25
896,2011-06-16,5.25
897,2011-06-17,5.25
900,2011-06-20,5.25
901,2011-06-21,5.25
902,2011-06-22,5.25
903,2011-06-23,5.25
904,2011-06-24,5.25
907,2011-06-27,5.25
908,2011-06-28,5.25
909,2011-06-29,5.25
910,2011-06-30,8.25
911,2011-07-01,8.25
914,2011-07-04,8.25
915,2011-07-05,8.25
916,2011-07-06,8.25
917,2011-07-07,8.25
918,2011-07-08,8.25
921,2011-07-11,8.25
922,2011-07-12,8.25
923,2011-07-13,8.25
924,2011-07-14,8.25
925,2011-07-15,8.25
928,2011-07-18,8.25
929,2011-07-19,8.25
930,2011-07-20,8.25
931,2011-07-21,8.25
932,2011-07-22,8.25
935,2011-07-25,8.25
936,2011-07-26,8.25
937,2011-07-27,8.25
938,2011-07-28,8.25
939,2011-07-29,8.25
942,2011-08-01,8.25
943,2011-08-02,8.25
944,2011-08-03,8.25
945,2011-08-04,8.25
946,2011-08-05,8.25
949,2011-08-08,8.25
950,2011-08-09,8.25
951,2011-08-10,8.25
952,2011-08-11,8.25
953,2011-08-12,8.25
956,2011-08-15,8.25
957,2011-08-16,8.25
958,2011-08-17,8.25
959,2011-08-18,8.25
960,2011-08-19,8.25
963,2011-08-22,8.25
964,2011-08-23,8.25
965,2011-08-24,8.25
966,2011-08-25,8.25
967,2011-08-26,8.25
970,2011-08-29,8.25
971,2011-08-30,8.25
972,2011-08-31,8.25
973,2011-09-01,8.25
974,2011-09-02,8.25
977,2011-09-05,8.25
978,2011-09-06,8.25
979,2011-09-07,8.25
980,2011-09-08,8.25
981,2011-09-09,8.25
984,2011-09-12,8.25
985,2011-09-13,8.25
986,2011-09-14,8.25
987,2011-09-15,8.25
988,2011-09-16,8.25
991,2011-09-19,8.25
992,2011-09-20,8.25
993,2011-09-21,8.25
994,2011-09-22,8.25
995,2011-09-23,8.25
998,2011-09-26,8.25
999,2011-09-27,8.25
1000,2011-09-28,8.25
1001,2011-09-29,8.25
1002,2011-09-30,8.25
1005,2011-10-03,8.25
1006,2011-10-04,8.25
1007,2011-10-05,8.25
1008,2011-10-06,8.25
1009,2011-10-07,8.25
1012,2011-10-10,8.25
1013,2011-10-11,8.25
1014,2011-10-12,8.25
1015,2011-10-13,8.25
1016,2011-10-14,8.25
1019,2011-10-17,8.25
1020,2011-10-18,8.25
1021,2011-10-19,8.25
1022,2011-10-20,8.25
1023,2011-10-21,8.25
1026,2011-10-24,8.25
1027,2011-10-25,8.25
1028,2011-10-26,8.25
1029,2011-10-27,8.25
1030,2011-10-28,8.25
1033,2011-10-31,8.25
1034,2011-11-01,8.25
1035,2011-11-02,8.25
1036,2011-11-03,8.25
1040,2011-11-07,8.25
1041,2011-11-08,8.25
1042,2011-11-09,8.25
1043,2011-11-10,8.25
1044,2011-11-11,8.25
1047,2011-11-14,8.25
1048,2011-11-15,8.25
1049,2011-11-16,8.25
1050,2011-11-17,8.25
1051,2011-11-18,8.25
1054,2011-11-21,8.25
1055,2011-11-22,8.25
1056,2011-11-23,8.25
1057,2011-11-24,8.25
1058,2011-11-25,8.25
1061,2011-11-28,8.25
1062,2011-11-29,8.25
1063,2011-11-30,8.25
1064,2011-12-01,8.25
1065,2011-12-02,8.25
1068,2011-12-05,8.25
1069,2011-12-06,8.25
1070,2011-12-07,8.25
1071,2011-12-08,8.25
1072,2011-12-09,8.25
1075,2011-12-12,8.25
1076,2011-12-13,8.25
1077,2011-12-14,8.25
1078,2011-12-15,8.25
1079,2011-12-16,8.25
1082,2011-12-19,8.25
1083,2011-12-20,8.25
1084,2011-12-21,8.25
1085,2011-12-22,8.25
1086,2011-12-23,8.0
1089,2011-12-26,8.0
1090,2011-12-27,8.0
1091,2011-12-28,8.0
1092,2011-12-29,8.0
1093,2011-12-30,8.0
1097,2012-01-03,8.0
1098,2012-01-04,8.0
1099,2012-01-05,8.0
1100,2012-01-06,8.0
1103,2012-01-09,8.0
1104,2012-01-10,8.0
1105,2012-01-11,8.0
1106,2012-01-12,8.0
1107,2012-01-13,8.0
1110,2012-01-16,8.0
1111,2012-01-17,8.0
1112,2012-01-18,8.0
1113,2012-01-19,8.0
1114,2012-01-20,8.0
1117,2012-01-23,8.0
1118,2012-01-24,8.0
1119,2012-01-25,8.0
1120,2012-01-26,8.0
1121,2012-01-27,8.0
1124,2012-01-30,8.0
1125,2012-01-31,8.0
1126,2012-02-01,8.0
1127,2012-02-02,8.0
1128,2012-02-03,8.0
1131,2012-02-06,8.0
1132,2012-02-07,8.0
1133,2012-02-08,8.0
1134,2012-02-09,8.0
1135,2012-02-10,8.0
1138,2012-02-13,8.0
1139,2012-02-14,8.0
1140,2012-02-15,8.0
1141,2012-02-16,8.0
1142,2012-02-17,8.0
1145,2012-02-20,8.0
1146,2012-02-21,8.0
1147,2012-02-22,8.0
1149,2012-02-24,8.0
1152,2012-02-27,8.0
1153,2012-02-28,8.0
1154,2012-02-29,8.0
1155,2012-03-01,8.0
1156,2012-03-02,8.0
1159,2012-03-05,8.0
1160,2012-03-06,8.0
1161,2012-03-07,8.0
1165,2012-03-11,8.0
1166,2012-03-12,8.0
1167,2012-03-13,8.0
1168,2012-03-14,8.0
1169,2012-03-15,8.0
1170,2012-03-16,8.0
1173,2012-03-19,8.0
1174,2012-03-20,8.0
1175,2012-03-21,8.0
1176,2012-03-22,8.0
1177,2012-03-23,8.0
1180,2012-03-26,8.0
1181,2012-03-27,8.0
1182,2012-03-28,8.0
1183,2012-03-29,8.0
1184,2012-03-30,8.0
1187,2012-04-02,8.0
1188,2012-04-03,8.0
1189,2012-04-04,8.0
1190,2012-04-05,8.0
1191,2012-04-06,8.0
1194,2012-04-09,8.0
1195,2012-04-10,8.0
1196,2012-04-11,8.0
1197,2012-04-12,8.0
1198,2012-04-13,8.0
1201,2012-04-16,8.0
1202,2012-04-17,8.0
1203,2012-04-18,8.0
1204,2012-04-19,8.0
1205,2012-04-20,8.0
1208,2012-04-23,8.0
1209,2012-04-24,8.0
1210,2012-04-25,8.0
1211,2012-04-26,8.0
1212,2012-04-27,8.0
1213,2012-04-28,8.0
1217,2012-05-02,8.0
1218,2012-05-03,8.0
1219,2012-05-04,8.0
1220,2012-05-05,8.0
1222,2012-05-07,8.0
1223,2012-05-08,8.0
1225,2012-05-10,8.0
1226,2012-05-11,8.0
1227,2012-05-12,8.0
1229,2012-05-14,8.0
1230,2012-05-15,8.0
1231,2012-05-16,8.0
1232,2012-05-17,8.0
1233,2012-05-18,8.0
1236,2012-05-21,8.0
1237,2012-05-22,8.0
1238,2012-05-23,8.0
1239,2012-05-24,8.0
1240,2012-05-25,8.0
1243,2012-05-28,8.0
1244,2012-05-29,8.0
1245,2012-05-30,8.0
1246,2012-05-31,8.0
1247,2012-06-01,8.0
1250,2012-06-04,8.0
1251,2012-06-05,8.0
1252,2012-06-06,8.0
1253,2012-06-07,8.0
1254,2012-06-08,8.0
1255,2012-06-09,8.0
1259,2012-06-13,8.0
1260,2012-06-14,8.0
1261,2012-06-15,8.0
1264,2012-06-18,8.0
1265,2012-06-19,8.0
1266,2012-06-20,8.0
1267,2012-06-21,8.0
1268,2012-06-22,8.0
1271,2012-06-25,8.0
1272,2012-06-26,8.0
1273,2012-06-27,8.0
1274,2012-06-28,8.0
1275,2012-06-29,8.0
1278,2012-07-02,8.0
1279,2012-07-03,8.0
1280,2012-07-04,8.0
1281,2012-07-05,8.0
1282,2012-07-06,8.0
1285,2012-07-09,8.0
1286,2012-07-10,8.0
1287,2012-07-11,8.0
1288,2012-07-12,8.0
1289,2012-07-13,8.0
1292,2012-07-16,8.0
1293,2012-07-17,8.0
1294,2012-07-18,8.0
1295,2012-07-19,8.0
1296,2012-07-20,8.0
1299,2012-07-23,8.0
1300,2012-07-24,8.0
1301,2012-07-25,8.0
1302,2012-07-26,8.0
1303,2012-07-27,8.0
1306,2012-07-30,8.0
1307,2012-07-31,8.0
1308,2012-08-01,8.0
1309,2012-08-02,8.0
1310,2012-08-03,8.0
1313,2012-08-06,8.0
1314,2012-08-07,8.0
1315,2012-08-08,8.0
1316,2012-08-09,8.0
1317,2012-08-10,8.0
1320,2012-08-13,8.0
1321,2012-08-14,8.0
1322,2012-08-15,8.0
1323,2012-08-16,8.0
1324,2012-08-17,8.0
1327,2012-08-20,8.0
1328,2012-08-21,8.0
1329,2012-08-22,8.0
1330,2012-08-23,8.0
1331,2012-08-24,8.0
1334,2012-08-27,8.0
1335,2012-08-28,8.0
1336,2012-08-29,8.0
1337,2012-08-30,8.0
1338,2012-08-31,8.0
1341,2012-09-03,8.0
1342,2012-09-04,8.0
1343,2012-09-05,8.0
1344,2012-09-06,8.0
1345,2012-09-07,8.0
1348,2012-09-10,8.0
1349,2012-09-11,8.0
1350,2012-09-12,8.0
1351,2012-09-13,8.25
1352,2012-09-14,8.25
1355,2012-09-17,8.25
1356,2012-09-18,8.25
1357,2012-09-19,8.25
1358,2012-09-20,8.25
1359,2012-09-21,8.25
1362,2012-09-24,8.25
1363,2012-09-25,8.25
1364,2012-09-26,8.25
1365,2012-09-27,8.25
1366,2012-09-28,8.25
1369,2012-10-01,8.25
1370,2012-10-02,8.25
1371,2012-10-03,8.25
1372,2012-10-04,8.25
1373,2012-10-05,8.25
1376,2012-10-08,8.25
1377,2012-10-09,8.25
1378,2012-10-10,8.25
1379,2012-10-11,8.25
1380,2012-10-12,8.25
1383,2012-10-15,8.25
1384,2012-10-16,8.25
1385,2012-10-17,8.25
1386,2012-10-18,8.25
1387,2012-10-19,8.25
1390,2012-10-22,8.25
1391,2012-10-23,8.25
1392,2012-10-24,8.25
1393,2012-10-25,8.25
1394,2012-10-26,8.25
1397,2012-10-29,8.25
1398,2012-10-30,8.25
1399,2012-10-31,8.25
1400,2012-11-01,8.25
1401,2012-11-02,8.25
1405,2012-11-06,8.25
1406,2012-11-07,8.25
1407,2012-11-08,8.25
1408,2012-11-09,8.25
1411,2012-11-12,8.25
1412,2012-11-13,8.25
1413,2012-11-14,8.25
1414,2012-11-15,8.25
1415,2012-11-16,8.25
1418,2012-11-19,8.25
1419,2012-11-20,8.25
1420,2012-11-21,8.25
1421,2012-11-22,8.25
1422,2012-11-23,8.25
1425,2012-11-26,8.25
1426,2012-11-27,8.25
1427,2012-11-28,8.25
1428,2012-11-29,8.25
1429,2012-11-30,8.25
1432,2012-12-03,8.25
1433,2012-12-04,8.25
1434,2012-12-05,8.25
1435,2012-12-06,8.25
1436,2012-12-07,8.25
1439,2012-12-10,8.25
1440,2012-12-11,8.25
1441,2012-12-12,8.25
1442,2012-12-13,8.25
1443,2012-12-14,8.25
1446,2012-12-17,8.25
1447,2012-12-18,8.25
1448,2012-12-19,8.25
1449,2012-12-20,8.25
1450,2012-12-21,8.25
1453,2012-12-24,8.25
1454,2012-12-25,8.25
1455,2012-12-26,8.25
1456,2012-12-27,8.25
1457,2012-12-28,8.25
1468,2013-01-08,8.25
1469,2013-01-09,8.25
1470,2013-01-10,8.25
1471,2013-01-11,8.25
1474,2013-01-14,8.25
1475,2013-01-15,8.25
1476,2013-01-16,8.25
1477,2013-01-17,8.25
1478,2013-01-18,8.25
1481,2013-01-21,8.25
1482,2013-01-22,8.25
1483,2013-01-23,8.25
1484,2013-01-24,8.25
1485,2013-01-25,8.25
1488,2013-01-28,8.25
1489,2013-01-29,8.25
1490,2013-01-30,8.25
1491,2013-01-31,8.25
1492,2013-02-01,8.25
1495,2013-02-04,8.25
1496,2013-02-05,8.25
1497,2013-02-06,8.25
1498,2013-02-07,8.25
1499,2013-02-08,8.25
1502,2013-02-11,8.25
1503,2013-02-12,8.25
1504,2013-02-13,8.25
1505,2013-02-14,8.25
1506,2013-02-15,8.25
1509,2013-02-18,8.25
1510,2013-02-19,8.25
1511,2013-02-20,8.25
1512,2013-02-21,8.25
1513,2013-02-22,8.25
1516,2013-02-25,8.25
1517,2013-02-26,8.25
1518,2013-02-27,8.25
1519,2013-02-28,8.25
1520,2013-03-01,8.25
1523,2013-03-04,8.25
1524,2013-03-05,8.25
1525,2013-03-06,8.25
1526,2013-03-07,8.25
1530,2013-03-11,8.25
1531,2013-03-12,8.25
1532,2013-03-13,8.25
1533,2013-03-14,8.25
1534,2013-03-15,8.25
1537,2013-03-18,8.25
1538,2013-03-19,8.25
1539,2013-03-20,8.25
1540,2013-03-21,8.25
1541,2013-03-22,8.25
1544,2013-03-25,8.25
1545,2013-03-26,8.25
1546,2013-03-27,8.25
1547,2013-03-28,8.25
1548,2013-03-29,8.25
1551,2013-04-01,8.25
1552,2013-04-02,8.25
1553,2013-04-03,8.25
1554,2013-04-04,8.25
1555,2013-04-05,8.25
1558,2013-04-08,8.25
1559,2013-04-09,8.25
1560,2013-04-10,8.25
1561,2013-04-11,8.25
1562,2013-04-12,8.25
1565,2013-04-15,8.25
1566,2013-04-16,8.25
1567,2013-04-17,8.25
1568,2013-04-18,8.25
1569,2013-04-19,8.25
1572,2013-04-22,8.25
1573,2013-04-23,8.25
1574,2013-04-24,8.25
1575,2013-04-25,8.25
1576,2013-04-26,8.25
1579,2013-04-29,8.25
1580,2013-04-30,8.25
1582,2013-05-02,8.25
1583,2013-05-03,8.25
1586,2013-05-06,8.25
1587,2013-05-07,8.25
1588,2013-05-08,8.25
1590,2013-05-10,8.25
1593,2013-05-13,8.25
1594,2013-05-14,8.25
1595,2013-05-15,8.25
1596,2013-05-16,8.25
1597,2013-05-17,8.25
1600,2013-05-20,8.25
1601,2013-05-21,8.25
1602,2013-05-22,8.25
1603,2013-05-23,8.25
1604,2013-05-24,8.25
1607,2013-05-27,8.25
1608,2013-05-28,8.25
1609,2013-05-29,8.25
1610,2013-05-30,8.25
1611,2013-05-31,8.25
1614,2013-06-03,8.25
1615,2013-06-04,8.25
1616,2013-06-05,8.25
1617,2013-06-06,8.25
1618,2013-06-07,8.25
1621,2013-06-10,8.25
1622,2013-06-11,8.25
1624,2013-06-13,8.25
1625,2013-06-14,8.25
1628,2013-06-17,8.25
1629,2013-06-18,8.25
1630,2013-06-19,8.25
1631,2013-06-20,8.25
1632,2013-06-21,8.25
1635,2013-06-24,8.25
1636,2013-06-25,8.25
1637,2013-06-26,8.25
1638,2013-06-27,8.25
1639,2013-06-28,8.25
1642,2013-07-01,8.25
1643,2013-07-02,8.25
1644,2013-07-03,8.25
1645,2013-07-04,8.25
1646,2013-07-05,8.25
1649,2013-07-08,8.25
1650,2013-07-09,8.25
1651,2013-07-10,8.25
1652,2013-07-11,8.25
1653,2013-07-12,8.25
1656,2013-07-15,8.25
1657,2013-07-16,8.25
1658,2013-07-17,8.25
1659,2013-07-18,8.25
1660,2013-07-19,8.25
1663,2013-07-22,8.25
1664,2013-07-23,8.25
1665,2013-07-24,8.25
1666,2013-07-25,8.25
1667,2013-07-26,8.25
1670,2013-07-29,8.25
1671,2013-07-30,8.25
1672,2013-07-31,8.25
1673,2013-08-01,8.25
1674,2013-08-02,8.25
1677,2013-08-05,8.25
1678,2013-08-06,8.25
1679,2013-08-07,8.25
1680,2013-08-08,8.25
1681,2013-08-09,8.25
1684,2013-08-12,8.25
1685,2013-08-13,8.25
1686,2013-08-14,8.25
1687,2013-08-15,8.25
1688,2013-08-16,8.25
1691,2013-08-19,8.25
1692,2013-08-20,8.25
1693,2013-08-21,8.25
1694,2013-08-22,8.25
1695,2013-08-23,8.25
1698,2013-08-26,8.25
1699,2013-08-27,8.25
1700,2013-08-28,8.25
1701,2013-08-29,8.25
1702,2013-08-30,8.25
1705,2013-09-02,8.25
1706,2013-09-03,8.25
1707,2013-09-04,8.25
1708,2013-09-05,8.25
1709,2013-09-06,8.25
1712,2013-09-09,8.25
1713,2013-09-10,8.25
1714,2013-09-11,8.25
1715,2013-09-12,8.25
1716,2013-09-13,8.25
1719,2013-09-16,8.25
1720,2013-09-17,8.25
1721,2013-09-18,8.25
1722,2013-09-19,8.25
1723,2013-09-20,8.25
1726,2013-09-23,8.25
1727,2013-09-24,8.25
1728,2013-09-25,8.25
1729,2013-09-26,8.25
1730,2013-09-27,8.25
1733,2013-09-30,8.25
1734,2013-10-01,8.25
1735,2013-10-02,8.25
1736,2013-10-03,8.25
1737,2013-10-04,8.25
1740,2013-10-07,8.25
1741,2013-10-08,8.25
1742,2013-10-09,8.25
1743,2013-10-10,8.25
1744,2013-10-11,8.25
1747,2013-10-14,5.5
1748,2013-10-15,5.5
1749,2013-10-16,5.5
1750,2013-10-17,5.5
1751,2013-10-18,5.5
1754,2013-10-21,5.5
1755,2013-10-22,5.5
1756,2013-10-23,5.5
1757,2013-10-24,5.5
1758,2013-10-25,5.5
1761,2013-10-28,5.5
1762,2013-10-29,5.5
1763,2013-10-30,5.5
1764,2013-10-31,5.5
1765,2013-11-01,5.5
1769,2013-11-05,5.5
1770,2013-11-06,5.5
1771,2013-11-07,5.5
1772,2013-11-08,5.5
1775,2013-11-11,5.5
1776,2013-11-12,5.5
1777,2013-11-13,5.5
1778,2013-11-14,5.5
1779,2013-11-15,5.5
1782,2013-11-18,5.5
1783,2013-11-19,5.5
1784,2013-11-20,5.5
1785,2013-11-21,5.5
1786,2013-11-22,5.5
1789,2013-11-25,5.5
1790,2013-11-26,5.5
1791,2013-11-27,5.5
1792,2013-11-28,5.5
1793,2013-11-29,5.5
1796,2013-12-02,5.5
1797,2013-12-03,5.5
1798,2013-12-04,5.5
1799,2013-12-05,5.5
1800,2013-12-06,5.5
1803,2013-12-09,5.5
1804,2013-12-10,5.5
1805,2013-12-11,5.5
1806,2013-12-12,5.5
1807,2013-12-13,5.5
1810,2013-12-16,5.5
1811,2013-12-17,5.5
1812,2013-12-18,5.5
1813,2013-12-19,5.5
1814,2013-12-20,5.5
1817,2013-12-23,5.5
1818,2013-12-24,5.5
1819,2013-12-25,5.5
1820,2013-12-26,5.5
1821,2013-12-27,5.5
1824,2013-12-30,5.5
1831,2014-01-06,5.5
1833,2014-01-08,5.5
1834,2014-01-09,5.5
1835,2014-01-10,5.5
1838,2014-01-13,5.5
1839,2014-01-14,5.5
1840,2014-01-15,5.5
1841,2014-01-16,5.5
1842,2014-01-17,5.5
1845,2014-01-20,5.5
1846,2014-01-21,5.5
1847,2014-01-22,5.5
1848,2014-01-23,5.5
1849,2014-01-24,5.5
1852,2014-01-27,5.5
1853,2014-01-28,5.5
1854,2014-01-29,5.5
1855,2014-01-30,5.5
1856,2014-01-31,5.5
1859,2014-02-03,5.5
1860,2014-02-04,5.5
1861,2014-02-05,5.5
1862,2014-02-06,5.5
1863,2014-02-07,5.5
1866,2014-02-10,5.5
1867,2014-02-11,5.5
1868,2014-02-12,5.5
1869,2014-02-13,5.5
1870,2014-02-14,5.5
1873,2014-02-17,5.5
1874,2014-02-18,5.5
1875,2014-02-19,5.5
1876,2014-02-20,5.5
1877,2014-02-21,5.5
1880,2014-02-24,5.5
1881,2014-02-25,5.5
1882,2014-02-26,5.5
1883,2014-02-27,5.5
1884,2014-02-28,5.5
1887,2014-03-03,7.0
1888,2014-03-04,7.0
1889,2014-03-05,7.0
1890,2014-03-06,7.0
1891,2014-03-07,7.0
1895,2014-03-11,7.0
1896,2014-03-12,7.0
1897,2014-03-13,7.0
1898,2014-03-14,7.0
1901,2014-03-17,7.0
1902,2014-03-18,7.0
1903,2014-03-19,7.0
1904,2014-03-20,7.0
1905,2014-03-21,7.0
1908,2014-03-24,7.0
1909,2014-03-25,7.0
1910,2014-03-26,7.0
1911,2014-03-27,7.0
1912,2014-03-28,7.0
1915,2014-03-31,7.0
1916,2014-04-01,7.0
1917,2014-04-02,7.0
1918,2014-04-03,7.0
1919,2014-04-04,7.0
1922,2014-04-07,7.0
1923,2014-04-08,7.0
1924,2014-04-09,7.0
1925,2014-04-10,7.0
1926,2014-04-11,7.0
1929,2014-04-14,7.0
1930,2014-04-15,7.0
1931,2014-04-16,7.0
1932,2014-04-17,7.0
1933,2014-04-18,7.0
1936,2014-04-21,7.0
1937,2014-04-22,7.0
1938,2014-04-23,7.0
1939,2014-04-24,7.0
1940,2014-04-25,7.5
1943,2014-04-28,7.5
1944,2014-04-29,7.5
1945,2014-04-30,7.5
1947,2014-05-02,7.5
1950,2014-05-05,7.5
1951,2014-05-06,7.5
1952,2014-05-07,7.5
1953,2014-05-08,7.5
1957,2014-05-12,7.5
1958,2014-05-13,7.5
1959,2014-05-14,7.5
1960,2014-05-15,7.5
1961,2014-05-16,7.5
1964,2014-05-19,7.5
1965,2014-05-20,7.5
1966,2014-05-21,7.5
1967,2014-05-22,7.5
1968,2014-05-23,7.5
1971,2014-05-26,7.5
1972,2014-05-27,7.5
1973,2014-05-28,7.5
1974,2014-05-29,7.5
1975,2014-05-30,7.5
1978,2014-06-02,7.5
1979,2014-06-03,7.5
1980,2014-06-04,7.5
1981,2014-06-05,7.5
1982,2014-06-06,7.5
1985,2014-06-09,7.5
1986,2014-06-10,7.5
1987,2014-06-11,7.5
1992,2014-06-16,7.5
1993,2014-06-17,7.5
1994,2014-06-18,7.5
1995,2014-06-19,7.5
1996,2014-06-20,7.5
1999,2014-06-23,7.5
2000,2014-06-24,7.5
2001,2014-06-25,7.5
2002,2014-06-26,7.5
2003,2014-06-27,7.5
2006,2014-06-30,7.5
2007,2014-07-01,7.5
2008,2014-07-02,7.5
2009,2014-07-03,7.5
2010,2014-07-04,7.5
2013,2014-07-07,7.5
2014,2014-07-08,7.5
2015,2014-07-09,7.5
2016,2014-07-10,7.5
2017,2014-07-11,7.5
2020,2014-07-14,7.5
2021,2014-07-15,7.5
2022,2014-07-16,7.5
2023,2014-07-17,7.5
2024,2014-07-18,7.5
2027,2014-07-21,7.5
2028,2014-07-22,7.5
2029,2014-07-23,7.5
2030,2014-07-24,7.5
2031,2014-07-25,8.0
2034,2014-07-28,8.0
2035,2014-07-29,8.0
2036,2014-07-30,8.0
2037,2014-07-31,8.0
2038,2014-08-01,8.0
2041,2014-08-04,8.0
2042,2014-08-05,8.0
2043,2014-08-06,8.0
2044,2014-08-07,8.0
2045,2014-08-08,8.0
2048,2014-08-11,8.0
2049,2014-08-12,8.0
2050,2014-08-13,8.0
2051,2014-08-14,8.0
2052,2014-08-15,8.0
2055,2014-08-18,8.0
2056,2014-08-19,8.0
2057,2014-08-20,8.0
2058,2014-08-21,8.0
2059,2014-08-22,8.0
2062,2014-08-25,8.0
2063,2014-08-26,8.0
2064,2014-08-27,8.0
2065,2014-08-28,8.0
2066,2014-08-29,8.0
2069,2014-09-01,8.0
2070,2014-09-02,8.0
2071,2014-09-03,8.0
2072,2014-09-04,8.0
2073,2014-09-05,8.0
2076,2014-09-08,8.0
2077,2014-09-09,8.0
2078,2014-09-10,8.0
2079,2014-09-11,8.0
2080,2014-09-12,8.0
2083,2014-09-15,8.0
2084,2014-09-16,8.0
2085,2014-09-17,8.0
2086,2014-09-18,8.0
2087,2014-09-19,8.0
2090,2014-09-22,8.0
2091,2014-09-23,8.0
2092,2014-09-24,8.0
2093,2014-09-25,8.0
2094,2014-09-26,8.0
2097,2014-09-29,8.0
2098,2014-09-30,8.0
2099,2014-10-01,8.0
2100,2014-10-02,8.0
2101,2014-10-03,8.0
2104,2014-10-06,8.0
2105,2014-10-07,8.0
2106,2014-10-08,8.0
2107,2014-10-09,8.0
2108,2014-10-10,8.0
2111,2014-10-13,8.0
2112,2014-10-14,8.0
2113,2014-10-15,8.0
2114,2014-10-16,8.0
2115,2014-10-17,8.0
2118,2014-10-20,8.0
2119,2014-10-21,8.0
2120,2014-10-22,8.0
2121,2014-10-23,8.0
2122,2014-10-24,8.0
2125,2014-10-27,8.0
2126,2014-10-28,8.0
2127,2014-10-29,8.0
2128,2014-10-30,8.0
2129,2014-10-31,9.5
2132,2014-11-03,9.5
2134,2014-11-05,9.5
2135,2014-11-06,9.5
2136,2014-11-07,9.5
2139,2014-11-10,9.5
2140,2014-11-11,9.5
2141,2014-11-12,9.5
2142,2014-11-13,9.5
2143,2014-11-14,9.5
2146,2014-11-17,9.5
2147,2014-11-18,9.5
2148,2014-11-19,9.5
2149,2014-11-20,9.5
2150,2014-11-21,9.5
2153,2014-11-24,9.5
2154,2014-11-25,9.5
2155,2014-11-26,9.5
2156,2014-11-27,9.5
2157,2014-11-28,9.5
2160,2014-12-01,9.5
2161,2014-12-02,9.5
2162,2014-12-03,9.5
2163,2014-12-04,9.5
2164,2014-12-05,9.5
2167,2014-12-08,9.5
2168,2014-12-09,9.5
2169,2014-12-10,9.5
2170,2014-12-11,10.5
2171,2014-12-12,10.5
2174,2014-12-15,10.5
2175,2014-12-16,17.0
2176,2014-12-17,17.0
2177,2014-12-18,17.0
2178,2014-12-19,17.0
2181,2014-12-22,17.0
2182,2014-12-23,17.0
2183,2014-12-24,17.0
2184,2014-12-25,17.0
2185,2014-12-26,17.0
2188,2014-12-29,17.0
2189,2014-12-30,17.0
2195,2015-01-05,17.0
2196,2015-01-06,17.0
2198,2015-01-08,17.0
2199,2015-01-09,17.0
2202,2015-01-12,17.0
2203,2015-01-13,17.0
2204,2015-01-14,17.0
2205,2015-01-15,17.0
2206,2015-01-16,17.0
2209,2015-01-19,17.0
2210,2015-01-20,17.0
2211,2015-01-21,17.0
2212,2015-01-22,17.0
2213,2015-01-23,17.0
2216,2015-01-26,17.0
2217,2015-01-27,17.0
2218,2015-01-28,17.0
2219,2015-01-29,17.0
2220,2015-01-30,15.0
2223,2015-02-02,15.0
2224,2015-02-03,15.0
2225,2015-02-04,15.0
2226,2015-02-05,15.0
2227,2015-02-06,15.0
2230,2015-02-09,15.0
2231,2015-02-10,15.0
2232,2015-02-11,15.0
2233,2015-02-12,15.0
2234,2015-02-13,15.0
2237,2015-02-16,15.0
2238,2015-02-17,15.0
2239,2015-02-18,15.0
2240,2015-02-19,15.0
2241,2015-02-20,15.0
2245,2015-02-24,15.0
2246,2015-02-25,15.0
2247,2015-02-26,15.0
2248,2015-02-27,15.0
2251,2015-03-02,15.0
2252,2015-03-03,15.0
2253,2015-03-04,15.0
2254,2015-03-05,15.0
2255,2015-03-06,15.0
2259,2015-03-10,15.0
2260,2015-03-11,15.0
2261,2015-03-12,15.0
2262,2015-03-13,14.0
2265,2015-03-16,14.0
2266,2015-03-17,14.0
2267,2015-03-18,14.0
2268,2015-03-19,14.0
2269,2015-03-20,14.0
2272,2015-03-23,14.0
2273,2015-03-24,14.0
2274,2015-03-25,14.0
2275,2015-03-26,14.0
2276,2015-03-27,14.0
2279,2015-03-30,14.0
2280,2015-03-31,14.0
2281,2015-04-01,14.0
2282,2015-04-02,14.0
2283,2015-04-03,14.0
2286,2015-04-06,14.0
2287,2015-04-07,14.0
2288,2015-04-08,14.0
2289,2015-04-09,14.0
2290,2015-04-10,14.0
2293,2015-04-13,14.0
2294,2015-04-14,14.0
2295,2015-04-15,14.0
2296,2015-04-16,14.0
2297,2015-04-17,14.0
2300,2015-04-20,14.0
2301,2015-04-21,14.0
2302,2015-04-22,14.0
2303,2015-04-23,14.0
2304,2015-04-24,14.0
2307,2015-04-27,14.0
2308,2015-04-28,14.0
2309,2015-04-29,14.0
2310,2015-04-30,12.5
2315,2015-05-05,12.5
2316,2015-05-06,12.5
2317,2015-05-07,12.5
2318,2015-05-08,12.5
2322,2015-05-12,12.5
2323,2015-05-13,12.5
2324,2015-05-14,12.5
2325,2015-05-15,12.5
2328,2015-05-18,12.5
2329,2015-05-19,12.5
2330,2015-05-20,12.5
2331,2015-05-21,12.5
2332,2015-05-22,12.5
2335,2015-05-25,12.5
2336,2015-05-26,12.5
2337,2015-05-27,12.5
2338,2015-05-28,12.5
2339,2015-05-29,12.5
2342,2015-06-01,12.5
2343,2015-06-02,12.5
2344,2015-06-03,12.5
2345,2015-06-04,12.5
2346,2015-06-05,12.5
2349,2015-06-08,12.5
2350,2015-06-09,12.5
2351,2015-06-10,12.5
2352,2015-06-11,12.5
2356,2015-06-15,11.5
2357,2015-06-16,11.5
2358,2015-06-17,11.5
2359,2015-06-18,11.5
2360,2015-06-19,11.5
2363,2015-06-22,11.5
2364,2015-06-23,11.5
2365,2015-06-24,11.5
2366,2015-06-25,11.5
2367,2015-06-26,11.5
2370,2015-06-29,11.5
2371,2015-06-30,11.5
2372,2015-07-01,11.5
2373,2015-07-02,11.5
2374,2015-07-03,11.5
2377,2015-07-06,11.5
2378,2015-07-07,11.5
2379,2015-07-08,11.5
2380,2015-07-09,11.5
2381,2015-07-10,11.5
2384,2015-07-13,11.5
2385,2015-07-14,11.5
2386,2015-07-15,11.5
2387,2015-07-16,11.5
2388,2015-07-17,11.5
2391,2015-07-20,11.5
2392,2015-07-21,11.5
2393,2015-07-22,11.5
2394,2015-07-23,11.5
2395,2015-07-24,11.5
2398,2015-07-27,11.5
2399,2015-07-28,11.5
2400,2015-07-29,11.5
2401,2015-07-30,11.5
2402,2015-07-31,11.0
2405,2015-08-03,11.0
2406,2015-08-04,11.0
2407,2015-08-05,11.0
2408,2015-08-06,11.0
2409,2015-08-07,11.0
2412,2015-08-10,11.0
2413,2015-08-11,11.0
2414,2015-08-12,11.0
2415,2015-08-13,11.0
2416,2015-08-14,11.0
2419,2015-08-17,11.0
2420,2015-08-18,11.0
2421,2015-08-19,11.0
2422,2015-08-20,11.0
2423,2015-08-21,11.0
2426,2015-08-24,11.0
2427,2015-08-25,11.0
2428,2015-08-26,11.0
2429,2015-08-27,11.0
2430,2015-08-28,11.0
2433,2015-08-31,11.0
2434,2015-09-01,11.0
2435,2015-09-02,11.0
2436,2015-09-03,11.0
2437,2015-09-04,11.0
2440,2015-09-07,11.0
2441,2015-09-08,11.0
2442,2015-09-09,11.0
2443,2015-09-10,11.0
2444,2015-09-11,11.0
2447,2015-09-14,11.0
2448,2015-09-15,11.0
2449,2015-09-16,11.0
2450,2015-09-17,11.0
2451,2015-09-18,11.0
2454,2015-09-21,11.0
2455,2015-09-22,11.0
2456,2015-09-23,11.0
2457,2015-09-24,11.0
2458,2015-09-25,11.0
2461,2015-09-28,11.0
2462,2015-09-29,11.0
2463,2015-09-30,11.0
2464,2015-10-01,11.0
2465,2015-10-02,11.0
2468,2015-10-05,11.0
2469,2015-10-06,11.0
2470,2015-10-07,11.0
2471,2015-10-08,11.0
2472,2015-10-09,11.0
2475,2015-10-12,11.0
2476,2015-10-13,11.0
2477,2015-10-14,11.0
2478,2015-10-15,11.0
2479,2015-10-16,11.0
2482,2015-10-19,11.0
2483,2015-10-20,11.0
2484,2015-10-21,11.0
2485,2015-10-22,11.0
2486,2015-10-23,11.0
2489,2015-10-26,11.0
2490,2015-10-27,11.0
2491,2015-10-28,11.0
2492,2015-10-29,11.0
2493,2015-10-30,11.0
2496,2015-11-02,11.0
2497,2015-11-03,11.0
2499,2015-11-05,11.0
2500,2015-11-06,11.0
2503,2015-11-09,11.0
2504,2015-11-10,11.0
2505,2015-11-11,11.0
2506,2015-11-12,11.0
2507,2015-11-13,11.0
2510,2015-11-16,11.0
2511,2015-11-17,11.0
2512,2015-11-18,11.0
2513,2015-11-19,11.0
2514,2015-11-20,11.0
2517,2015-11-23,11.0
2518,2015-11-24,11.0
2519,2015-11-25,11.0
2520,2015-11-26,11.0
2521,2015-11-27,11.0
2524,2015-11-30,11.0
2525,2015-12-01,11.0
2526,2015-12-02,11.0
2527,2015-12-03,11.0
2528,2015-12-04,11.0
2531,2015-12-07,11.0
2532,2015-12-08,11.0
2533,2015-12-09,11.0
2534,2015-12-10,11.0
2535,2015-12-11,11.0
2538,2015-12-14,11.0
2539,2015-12-15,11.0
2540,2015-12-16,11.0
2541,2015-12-17,11.0
2542,2015-12-18,11.0
2545,2015-12-21,11.0
2546,2015-12-22,11.0
2547,2015-12-23,11.0
2548,2015-12-24,11.0
2549,2015-12-25,11.0
2552,2015-12-28,11.0
2553,2015-12-29,11.0
2554,2015-12-30,11.0
2559,2016-01-04,11.0
2560,2016-01-05,11.0
2561,2016-01-06,11.0
2566,2016-01-11,11.0
2567,2016-01-12,11.0
2568,2016-01-13,11.0
2569,2016-01-14,11.0
2570,2016-01-15,11.0
2573,2016-01-18,11.0
2574,2016-01-19,11.0
2575,2016-01-20,11.0
2576,2016-01-21,11.0
2577,2016-01-22,11.0
2580,2016-01-25,11.0
2581,2016-01-26,11.0
2582,2016-01-27,11.0
2583,2016-01-28,11.0
2584,2016-01-29,11.0
2587,2016-02-01,11.0
2588,2016-02-02,11.0
2589,2016-02-03,11.0
2590,2016-02-04,11.0
2591,2016-02-05,11.0
2594,2016-02-08,11.0
2595,2016-02-09,11.0
2596,2016-02-10,11.0
2597,2016-02-11,11.0
2598,2016-02-12,11.0
2601,2016-02-15,11.0
2602,2016-02-16,11.0
2603,2016-02-17,11.0
2604,2016-02-18,11.0
2605,2016-02-19,11.0
2606,2016-02-20,11.0
2608,2016-02-22,11.0
2610,2016-02-24,11.0
2611,2016-02-25,11.0
2612,2016-02-26,11.0
2615,2016-02-29,11.0
2616,2016-03-01,11.0
2617,2016-03-02,11.0
2618,2016-03-03,11.0
2619,2016-03-04,11.0
2622,2016-03-07,11.0
2624,2016-03-09,11.0
2625,2016-03-10,11.0
2626,2016-03-11,11.0
2629,2016-03-14,11.0
2630,2016-03-15,11.0
2631,2016-03-16,11.0
2632,2016-03-17,11.0
2633,2016-03-18,11.0
2636,2016-03-21,11.0
2637,2016-03-22,11.0
2638,2016-03-23,11.0
2639,2016-03-24,11.0
2640,2016-03-25,11.0
2643,2016-03-28,11.0
2644,2016-03-29,11.0
2645,2016-03-30,11.0
2646,2016-03-31,11.0
2647,2016-04-01,11.0
2650,2016-04-04,11.0
2651,2016-04-05,11.0
2652,2016-04-06,11.0
2653,2016-04-07,11.0
2654,2016-04-08,11.0
2657,2016-04-11,11.0
2658,2016-04-12,11.0
2659,2016-04-13,11.0
2660,2016-04-14,11.0
2661,2016-04-15,11.0
2664,2016-04-18,11.0
2665,2016-04-19,11.0
2666,2016-04-20,11.0
2667,2016-04-21,11.0
2668,2016-04-22,11.0
2671,2016-04-25,11.0
2672,2016-04-26,11.0
2673,2016-04-27,11.0
2674,2016-04-28,11.0
2675,2016-04-29,11.0
2680,2016-05-04,11.0
2681,2016-05-05,11.0
2682,2016-05-06,11.0
2686,2016-05-10,11.0
2687,2016-05-11,11.0
2688,2016-05-12,11.0
2689,2016-05-13,11.0
2692,2016-05-16,11.0
2693,2016-05-17,11.0
2694,2016-05-18,11.0
2695,2016-05-19,11.0
2696,2016-05-20,11.0
2699,2016-05-23,11.0
2700,2016-05-24,11.0
2701,2016-05-25,11.0
2702,2016-05-26,11.0
2703,2016-05-27,11.0
2706,2016-05-30,11.0
2707,2016-05-31,11.0
2708,2016-06-01,11.0
2709,2016-06-02,11.0
2710,2016-06-03,11.0
2713,2016-06-06,11.0
2714,2016-06-07,11.0
2715,2016-06-08,11.0
2716,2016-06-09,11.0
2717,2016-06-10,10.5
2721,2016-06-14,10.5
2722,2016-06-15,10.5
2723,2016-06-16,10.5
2724,2016-06-17,10.5
2727,2016-06-20,10.5
2728,2016-06-21,10.5
2729,2016-06-22,10.5
2730,2016-06-23,10.5
2731,2016-06-24,10.5
2734,2016-06-27,10.5
2735,2016-06-28,10.5
2736,2016-06-29,10.5
2737,2016-06-30,10.5
2738,2016-07-01,10.5
2741,2016-07-04,10.5
2742,2016-07-05,10.5
2743,2016-07-06,10.5
2744,2016-07-07,10.5
2745,2016-07-08,10.5
2748,2016-07-11,10.5
2749,2016-07-12,10.5
2750,2016-07-13,10.5
2751,2016-07-14,10.5
2752,2016-07-15,10.5
2755,2016-07-18,10.5
2756,2016-07-19,10.5
2757,2016-07-20,10.5
2758,2016-07-21,10.5
2759,2016-07-22,10.5
2762,2016-07-25,10.5
2763,2016-07-26,10.5
2764,2016-07-27,10.5
2765,2016-07-28,10.5
2766,2016-07-29,10.5
2769,2016-08-01,10.5
2770,2016-08-02,10.5
2771,2016-08-03,10.5
2772,2016-08-04,10.5
2773,2016-08-05,10.5
2776,2016-08-08,10.5
2777,2016-08-09,10.5
2778,2016-08-10,10.5
2779,2016-08-11,10.5
2780,2016-08-12,10.5
2783,2016-08-15,10.5
2784,2016-08-16,10.5
2785,2016-08-17,10.5
2786,2016-08-18,10.5
2787,2016-08-19,10.5
2790,2016-08-22,10.5
2791,2016-08-23,10.5
2792,2016-08-24,10.5
2793,2016-08-25,10.5
2794,2016-08-26,10.5
2797,2016-08-29,10.5
2798,2016-08-30,10.5
2799,2016-08-31,10.5
2800,2016-09-01,10.5
2801,2016-09-02,10.5
2804,2016-09-05,10.5
2805,2016-09-06,10.5
2806,2016-09-07,10.5
2807,2016-09-08,10.5
2808,2016-09-09,10.5
2811,2016-09-12,10.5
2812,2016-09-13,10.5
2813,2016-09-14,10.5
2814,2016-09-15,10.5
2815,2016-09-16,10.0
2818,2016-09-19,10.0
2819,2016-09-20,10.0
2820,2016-09-21,10.0
2821,2016-09-22,10.0
2822,2016-09-23,10.0
2825,2016-09-26,10.0
2826,2016-09-27,10.0
2827,2016-09-28,10.0
2828,2016-09-29,10.0
2829,2016-09-30,10.0
2832,2016-10-03,10.0
2833,2016-10-04,10.0
2834,2016-10-05,10.0
2835,2016-10-06,10.0
2836,2016-10-07,10.0
2839,2016-10-10,10.0
2840,2016-10-11,10.0
2841,2016-10-12,10.0
2842,2016-10-13,10.0
2843,2016-10-14,10.0
2846,2016-10-17,10.0
2847,2016-10-18,10.0
2848,2016-10-19,10.0
2849,2016-10-20,10.0
2850,2016-10-21,10.0
2853,2016-10-24,10.0
2854,2016-10-25,10.0
2855,2016-10-26,10.0
2856,2016-10-27,10.0
2857,2016-10-28,10.0
2860,2016-10-31,10.0
2861,2016-11-01,10.0
2862,2016-11-02,10.0
2863,2016-11-03,10.0
2867,2016-11-07,10.0
2868,2016-11-08,10.0
2869,2016-11-09,10.0
2870,2016-11-10,10.0
2871,2016-11-11,10.0
2874,2016-11-14,10.0
2875,2016-11-15,10.0
2876,2016-11-16,10.0
2877,2016-11-17,10.0
2878,2016-11-18,10.0
2881,2016-11-21,10.0
2882,2016-11-22,10.0
2883,2016-11-23,10.0
2884,2016-11-24,10.0
2885,2016-11-25,10.0
2888,2016-11-28,10.0
2889,2016-11-29,10.0
2890,2016-11-30,10.0
2891,2016-12-01,10.0
2892,2016-12-02,10.0
2895,2016-12-05,10.0
2896,2016-12-06,10.0
2897,2016-12-07,10.0
2898,2016-12-08,10.0
2899,2016-12-09,10.0
2902,2016-12-12,10.0
2903,2016-12-13,10.0
2904,2016-12-14,10.0
2905,2016-12-15,10.0
2906,2016-12-16,10.0
2909,2016-12-19,10.0
2910,2016-12-20,10.0
2911,2016-12-21,10.0
2912,2016-12-22,10.0
2913,2016-12-23,10.0
2916,2016-12-26,10.0
2917,2016-12-27,10.0
2918,2016-12-28,10.0
2919,2016-12-29,10.0
2920,2016-12-30,10.0
2924,2017-01-03,10.0
2925,2017-01-04,10.0
2926,2017-01-05,10.0
2927,2017-01-06,10.0
2930,2017-01-09,10.0
2931,2017-01-10,10.0
2932,2017-01-11,10.0
2933,2017-01-12,10.0
2934,2017-01-13,10.0
2937,2017-01-16,10.0
2938,2017-01-17,10.0
2939,2017-01-18,10.0
2940,2017-01-19,10.0
2941,2017-01-20,10.0
2944,2017-01-23,10.0
2945,2017-01-24,10.0
2946,2017-01-25,10.0
2947,2017-01-26,10.0
2948,2017-01-27,10.0
2951,2017-01-30,10.0
2952,2017-01-31,10.0
2953,2017-02-01,10.0
2954,2017-02-02,10.0
2955,2017-02-03,10.0
2958,2017-02-06,10.0
2959,2017-02-07,10.0
2960,2017-02-08,10.0
2961,2017-02-09,10.0
2962,2017-02-10,10.0
2965,2017-02-13,10.0
2966,2017-02-14,10.0
2967,2017-02-15,10.0
2968,2017-02-16,10.0
2969,2017-02-17,10.0
2972,2017-02-20,10.0
2973,2017-02-21,10.0
2974,2017-02-22,10.0
2976,2017-02-24,10.0
2979,2017-02-27,10.0
2980,2017-02-28,10.0
2981,2017-03-01,10.0
2982,2017-03-02,10.0
2983,2017-03-03,10.0
2986,2017-03-06,10.0
2987,2017-03-07,10.0
2989,2017-03-09,10.0
2990,2017-03-10,10.0
2993,2017-03-13,10.0
2994,2017-03-14,10.0
2995,2017-03-15,10.0
2996,2017-03-16,10.0
2997,2017-03-17,10.0
3000,2017-03-20,10.0
3001,2017-03-21,10.0
3002,2017-03-22,10.0
3003,2017-03-23,10.0
3004,2017-03-24,9.75
3007,2017-03-27,9.75
3008,2017-03-28,9.75
3009,2017-03-29,9.75
3010,2017-03-30,9.75
3011,2017-03-31,9.75
3014,2017-04-03,9.75
3015,2017-04-04,9.75
3016,2017-04-05,9.75
3017,2017-04-06,9.75
3018,2017-04-07,9.75
3021,2017-04-10,9.75
3022,2017-04-11,9.75
3023,2017-04-12,9.75
3024,2017-04-13,9.75
3025,2017-04-14,9.75
3028,2017-04-17,9.75
3029,2017-04-18,9.75
3030,2017-04-19,9.75
3031,2017-04-20,9.75
3032,2017-04-21,9.75
3035,2017-04-24,9.75
3036,2017-04-25,9.75
3037,2017-04-26,9.75
3038,2017-04-27,9.75
3039,2017-04-28,9.25
3043,2017-05-02,9.25
3044,2017-05-03,9.25
3045,2017-05-04,9.25
3046,2017-05-05,9.25
3051,2017-05-10,9.25
3052,2017-05-11,9.25
3053,2017-05-12,9.25
3056,2017-05-15,9.25
3057,2017-05-16,9.25
3058,2017-05-17,9.25
3059,2017-05-18,9.25
3060,2017-05-19,9.25
3063,2017-05-22,9.25
3064,2017-05-23,9.25
3065,2017-05-24,9.25
3066,2017-05-25,9.25
3067,2017-05-26,9.25
3070,2017-05-29,9.25
3071,2017-05-30,9.25
3072,2017-05-31,9.25
3073,2017-06-01,9.25
3074,2017-06-02,9.25
3077,2017-06-05,9.25
3078,2017-06-06,9.25
3079,2017-06-07,9.25
3080,2017-06-08,9.25
3081,2017-06-09,9.25
3085,2017-06-13,9.25
3086,2017-06-14,9.25
3087,2017-06-15,9.25
3088,2017-06-16,9.0
3091,2017-06-19,9.0
3092,2017-06-20,9.0
3093,2017-06-21,9.0
3094,2017-06-22,9.0
3095,2017-06-23,9.0
3098,2017-06-26,9.0
3099,2017-06-27,9.0
3100,2017-06-28,9.0
3101,2017-06-29,9.0
3102,2017-06-30,9.0
3105,2017-07-03,9.0
3106,2017-07-04,9.0
3107,2017-07-05,9.0
3108,2017-07-06,9.0
3109,2017-07-07,9.0
3112,2017-07-10,9.0
3113,2017-07-11,9.0
3114,2017-07-12,9.0
3115,2017-07-13,9.0
3116,2017-07-14,9.0
3119,2017-07-17,9.0
3120,2017-07-18,9.0
3121,2017-07-19,9.0
3122,2017-07-20,9.0
3123,2017-07-21,9.0
3126,2017-07-24,9.0
3127,2017-07-25,9.0
3128,2017-07-26,9.0
3129,2017-07-27,9.0
3130,2017-07-28,9.0
3133,2017-07-31,9.0
3134,2017-08-01,9.0
3135,2017-08-02,9.0
3136,2017-08-03,9.0
3137,2017-08-04,9.0
3140,2017-08-07,9.0
3141,2017-08-08,9.0
3142,2017-08-09,9.0
3143,2017-08-10,9.0
3144,2017-08-11,9.0
3147,2017-08-14,9.0
3148,2017-08-15,9.0
3149,2017-08-16,9.0
3150,2017-08-17,9.0
3151,2017-08-18,9.0
3154,2017-08-21,9.0
3155,2017-08-22,9.0
3156,2017-08-23,9.0
3157,2017-08-24,9.0
3158,2017-08-25,9.0
3161,2017-08-28,9.0
3162,2017-08-29,9.0
3163,2017-08-30,9.0
3164,2017-08-31,9.0
3165,2017-09-01,9.0
3168,2017-09-04,9.0
3169,2017-09-05,9.0
3170,2017-09-06,9.0
3171,2017-09-07,9.0
3172,2017-09-08,9.0
3175,2017-09-11,9.0
3176,2017-09-12,9.0
3177,2017-09-13,9.0
3178,2017-09-14,9.0
3179,2017-09-15,8.5
3182,2017-09-18,8.5
3183,2017-09-19,8.5
3184,2017-09-20,8.5
3185,2017-09-21,8.5
3186,2017-09-22,8.5
3189,2017-09-25,8.5
3190,2017-09-26,8.5
3191,2017-09-27,8.5
3192,2017-09-28,8.5
3193,2017-09-29,8.5
3196,2017-10-02,8.5
3197,2017-10-03,8.5
3198,2017-10-04,8.5
3199,2017-10-05,8.5
3200,2017-10-06,8.5
3203,2017-10-09,8.5
3204,2017-10-10,8.5
3205,2017-10-11,8.5
3206,2017-10-12,8.5
3207,2017-10-13,8.5
3210,2017-10-16,8.5
3211,2017-10-17,8.5
3212,2017-10-18,8.5
3213,2017-10-19,8.5
3214,2017-10-20,8.5
3217,2017-10-23,8.5
3218,2017-10-24,8.5
3219,2017-10-25,8.5
3220,2017-10-26,8.5
3221,2017-10-27,8.25
3224,2017-10-30,8.25
3225,2017-10-31,8.25
3226,2017-11-01,8.25
3227,2017-11-02,8.25
3228,2017-11-03,8.25
3232,2017-11-07,8.25
3233,2017-11-08,8.25
3234,2017-11-09,8.25
3235,2017-11-10,8.25
3238,2017-11-13,8.25
3239,2017-11-14,8.25
3240,2017-11-15,8.25
3241,2017-11-16,8.25
3242,2017-11-17,8.25
3245,2017-11-20,8.25
3246,2017-11-21,8.25
3247,2017-11-22,8.25
3248,2017-11-23,8.25
3249,2017-11-24,8.25
3252,2017-11-27,8.25
3253,2017-11-28,8.25
3254,2017-11-29,8.25
3255,2017-11-30,8.25
3256,2017-12-01,8.25
3259,2017-12-04,8.25
3260,2017-12-05,8.25
3261,2017-12-06,8.25
3262,2017-12-07,8.25
3263,2017-12-08,8.25
3266,2017-12-11,8.25
3267,2017-12-12,8.25
3268,2017-12-13,8.25
3269,2017-12-14,8.25
3270,2017-12-15,7.75
3273,2017-12-18,7.75
3274,2017-12-19,7.75
3275,2017-12-20,7.75
3276,2017-12-21,7.75
3277,2017-12-22,7.75
3280,2017-12-25,7.75
3281,2017-12-26,7.75
3282,2017-12-27,7.75
3283,2017-12-28,7.75
3284,2017-12-29,7.75
3289,2018-01-03,7.75
3290,2018-01-04,7.75
3291,2018-01-05,7.75
3295,2018-01-09,7.75
3296,2018-01-10,7.75
3297,2018-01-11,7.75
3298,2018-01-12,7.75
3301,2018-01-15,7.75
3302,2018-01-16,7.75
3303,2018-01-17,7.75
3304,2018-01-18,7.75
3305,2018-01-19,7.75
3308,2018-01-22,7.75
3309,2018-01-23,7.75
3310,2018-01-24,7.75
3311,2018-01-25,7.75
3312,2018-01-26,7.75
3315,2018-01-29,7.75
3316,2018-01-30,7.75
3317,2018-01-31,7.75
3318,2018-02-01,7.75
3319,2018-02-02,7.75
3322,2018-02-05,7.75
3323,2018-02-06,7.75
3324,2018-02-07,7.75
3325,2018-02-08,7.75
3326,2018-02-09,7.5
3329,2018-02-12,7.5
3330,2018-02-13,7.5
3331,2018-02-14,7.5
3332,2018-02-15,7.5
3333,2018-02-16,7.5
3336,2018-02-19,7.5
3337,2018-02-20,7.5
3338,2018-02-21,7.5
3339,2018-02-22,7.5
3343,2018-02-26,7.5
3344,2018-02-27,7.5
3345,2018-02-28,7.5
3346,2018-03-01,7.5
3347,2018-03-02,7.5
3350,2018-03-05,7.5
3351,2018-03-06,7.5
3352,2018-03-07,7.5
3354,2018-03-09,7.5
3357,2018-03-12,7.5
3358,2018-03-13,7.5
3359,2018-03-14,7.5
3360,2018-03-15,7.5
3361,2018-03-16,7.5
3364,2018-03-19,7.5
3365,2018-03-20,7.5
3366,2018-03-21,7.5
3367,2018-03-22,7.5
3368,2018-03-23,7.25
3371,2018-03-26,7.25
3372,2018-03-27,7.25
3373,2018-03-28,7.25
3374,2018-03-29,7.25
3375,2018-03-30,7.25
3378,2018-04-02,7.25
3379,2018-04-03,7.25
3380,2018-04-04,7.25
3381,2018-04-05,7.25
3382,2018-04-06,7.25
3385,2018-04-09,7.25
3386,2018-04-10,7.25
3387,2018-04-11,7.25
3388,2018-04-12,7.25
3389,2018-04-13,7.25
3392,2018-04-16,7.25
3393,2018-04-17,7.25
3394,2018-04-18,7.25
3395,2018-04-19,7.25
3396,2018-04-20,7.25
3399,2018-04-23,7.25
3400,2018-04-24,7.25
3401,2018-04-25,7.25
3402,2018-04-26,7.25
3403,2018-04-27,7.25
3406,2018-04-30,7.25
3408,2018-05-02,7.25
3409,2018-05-03,7.25
3410,2018-05-04,7.25
3413,2018-05-07,7.25
3414,2018-05-08,7.25
3416,2018-05-10,7.25
3417,2018-05-11,7.25
3420,2018-05-14,7.25
3421,2018-05-15,7.25
3422,2018-05-16,7.25
3423,2018-05-17,7.25
3424,2018-05-18,7.25
3427,2018-05-21,7.25
3428,2018-05-22,7.25
3429,2018-05-23,7.25
3430,2018-05-24,7.25
3431,2018-05-25,7.25
3434,2018-05-28,7.25
3435,2018-05-29,7.25
3436,2018-05-30,7.25
3437,2018-05-31,7.25
3438,2018-06-01,7.25
3441,2018-06-04,7.25
3442,2018-06-05,7.25
3443,2018-06-06,7.25
3444,2018-06-07,7.25
3445,2018-06-08,7.25
3446,2018-06-09,7.25
3448,2018-06-11,7.25
3450,2018-06-13,7.25
3451,2018-06-14,7.25
3452,2018-06-15,7.25
3455,2018-06-18,7.25
3456,2018-06-19,7.25
3457,2018-06-20,7.25
3458,2018-06-21,7.25
3459,2018-06-22,7.25
3462,2018-06-25,7.25
3463,2018-06-26,7.25
3464,2018-06-27,7.25
3465,2018-06-28,7.25
3466,2018-06-29,7.25
3469,2018-07-02,7.25
3470,2018-07-03,7.25
3471,2018-07-04,7.25
3472,2018-07-05,7.25
3473,2018-07-06,7.25
3476,2018-07-09,7.25
3477,2018-07-10,7.25
3478,2018-07-11,7.25
3479,2018-07-12,7.25
3480,2018-07-13,7.25
3483,2018-07-16,7.25
3484,2018-07-17,7.25
3485,2018-07-18,7.25
3486,2018-07-19,7.25
3487,2018-07-20,7.25
3490,2018-07-23,7.25
3491,2018-07-24,7.25
3492,2018-07-25,7.25
3493,2018-07-26,7.25
3494,2018-07-27,7.25
3497,2018-07-30,7.25
3498,2018-07-31,7.25
3499,2018-08-01,7.25
3500,2018-08-02,7.25
3501,2018-08-03,7.25
3504,2018-08-06,7.25
3505,2018-08-07,7.25
3506,2018-08-08,7.25
3507,2018-08-09,7.25
3508,2018-08-10,7.25
3511,2018-08-13,7.25
3512,2018-08-14,7.25
3513,2018-08-15,7.25
3514,2018-08-16,7.25
3515,2018-08-17,7.25
3518,2018-08-20,7.25
3519,2018-08-21,7.25
3520,2018-08-22,7.25
3521,2018-08-23,7.25
3522,2018-08-24,7.25
3525,2018-08-27,7.25
3526,2018-08-28,7.25
3527,2018-08-29,7.25
3528,2018-08-30,7.25
3529,2018-08-31,7.25
3532,2018-09-03,7.25
3533,2018-09-04,7.25
3534,2018-09-05,7.25
3535,2018-09-06,7.25
3536,2018-09-07,7.25
3539,2018-09-10,7.25
3540,2018-09-11,7.25
3541,2018-09-12,7.25
3542,2018-09-13,7.25
3543,2018-09-14,7.5
3546,2018-09-17,7.5
3547,2018-09-18,7.5
3548,2018-09-19,7.5
3549,2018-09-20,7.5
3550,2018-09-21,7.5
3553,2018-09-24,7.5
3554,2018-09-25,7.5
3555,2018-09-26,7.5
3556,2018-09-27,7.5
3557,2018-09-28,7.5
3560,2018-10-01,7.5
3561,2018-10-02,7.5
3562,2018-10-03,7.5
3563,2018-10-04,7.5
3564,2018-10-05,7.5
3567,2018-10-08,7.5
3568,2018-10-09,7.5
3569,2018-10-10,7.5
3570,2018-10-11,7.5
3571,2018-10-12,7.5
3574,2018-10-15,7.5
3575,2018-10-16,7.5
3576,2018-10-17,7.5
3577,2018-10-18,7.5
3578,2018-10-19,7.5
3581,2018-10-22,7.5
3582,2018-10-23,7.5
3583,2018-10-24,7.5
3584,2018-10-25,7.5
3585,2018-10-26,7.5
3588,2018-10-29,7.5
3589,2018-10-30,7.5
3590,2018-10-31,7.5
3591,2018-11-01,7.5
3592,2018-11-02,7.5
3596,2018-11-06,7.5
3597,2018-11-07,7.5
3598,2018-11-08,7.5
3599,2018-11-09,7.5
3602,2018-11-12,7.5
3603,2018-11-13,7.5
3604,2018-11-14,7.5
3605,2018-11-15,7.5
3606,2018-11-16,7.5
3609,2018-11-19,7.5
3610,2018-11-20,7.5
3611,2018-11-21,7.5
3612,2018-11-22,7.5
3613,2018-11-23,7.5
3616,2018-11-26,7.5
3617,2018-11-27,7.5
3618,2018-11-28,7.5
3619,2018-11-29,7.5
3620,2018-11-30,7.5
3623,2018-12-03,7.5
3624,2018-12-04,7.5
3625,2018-12-05,7.5
3626,2018-12-06,7.5
3627,2018-12-07,7.5
3630,2018-12-10,7.5
3631,2018-12-11,7.5
3632,2018-12-12,7.5
3633,2018-12-13,7.5
3634,2018-12-14,7.75
3637,2018-12-17,7.75
3638,2018-12-18,7.75
3639,2018-12-19,7.75
3640,2018-12-20,7.75
3641,2018-12-21,7.75
3644,2018-12-24,7.75
3645,2018-12-25,7.75
3646,2018-12-26,7.75
3647,2018-12-27,7.75
3648,2018-12-28,7.75
3649,2018-12-29,7.75
3654,2019-01-03,7.75
3655,2019-01-04,7.75
3659,2019-01-08,7.75
3660,2019-01-09,7.75
3661,2019-01-10,7.75
3662,2019-01-11,7.75
3665,2019-01-14,7.75
3666,2019-01-15,7.75
3667,2019-01-16,7.75
3668,2019-01-17,7.75
3669,2019-01-18,7.75
3672,2019-01-21,7.75
3673,2019-01-22,7.75
3674,2019-01-23,7.75
3675,2019-01-24,7.75
3676,2019-01-25,7.75
3679,2019-01-28,7.75
3680,2019-01-29,7.75
3681,2019-01-30,7.75
3682,2019-01-31,7.75
3683,2019-02-01,7.75
3686,2019-02-04,7.75
3687,2019-02-05,7.75
3688,2019-02-06,7.75
3689,2019-02-07,7.75
3690,2019-02-08,7.75
3693,2019-02-11,7.75
3694,2019-02-12,7.75
3695,2019-02-13,7.75
3696,2019-02-14,7.75
3697,2019-02-15,7.75
3700,2019-02-18,7.75
3701,2019-02-19,7.75
3702,2019-02-20,7.75
3703,2019-02-21,7.75
3704,2019-02-22,7.75
3707,2019-02-25,7.75
3708,2019-02-26,7.75
3709,2019-02-27,7.75
3710,2019-02-28,7.75
3711,2019-03-01,7.75
3714,2019-03-04,7.75
3715,2019-03-05,7.75
3716,2019-03-06,7.75
3717,2019-03-07,7.75
3721,2019-03-11,7.75
3722,2019-03-12,7.75
3723,2019-03-13,7.75
3724,2019-03-14,7.75
3725,2019-03-15,7.75
3728,2019-03-18,7.75
3729,2019-03-19,7.75
3730,2019-03-20,7.75
3731,2019-03-21,7.75
3732,2019-03-22,7.75
3735,2019-03-25,7.75
3736,2019-03-26,7.75
3737,2019-03-27,7.75
3738,2019-03-28,7.75
3739,2019-03-29,7.75
3742,2019-04-01,7.75
3743,2019-04-02,7.75
3744,2019-04-03,7.75
3745,2019-04-04,7.75
3746,2019-04-05,7.75
3749,2019-04-08,7.75
3750,2019-04-09,7.75
3751,2019-04-10,7.75
3752,2019-04-11,7.75
3753,2019-04-12,7.75
3756,2019-04-15,7.75
3757,2019-04-16,7.75
3758,2019-04-17,7.75
3759,2019-04-18,7.75
3760,2019-04-19,7.75
3763,2019-04-22,7.75
3764,2019-04-23,7.75
3765,2019-04-24,7.75
3766,2019-04-25,7.75
3767,2019-04-26,7.75
3770,2019-04-29,7.75
3771,2019-04-30,7.75
3773,2019-05-02,7.75
3774,2019-05-03,7.75
3777,2019-05-06,7.75
3778,2019-05-07,7.75
3779,2019-05-08,7.75
3781,2019-05-10,7.75
3784,2019-05-13,7.75
3785,2019-05-14,7.75
3786,2019-05-15,7.75
3787,2019-05-16,7.75
3788,2019-05-17,7.75
3791,2019-05-20,7.75
3792,2019-05-21,7.75
3793,2019-05-22,7.75
3794,2019-05-23,7.75
3795,2019-05-24,7.75
3798,2019-05-27,7.75
3799,2019-05-28,7.75
3800,2019-05-29,7.75
3801,2019-05-30,7.75
3802,2019-05-31,7.75
3805,2019-06-03,7.75
3806,2019-06-04,7.75
3807,2019-06-05,7.75
3808,2019-06-06,7.75
3809,2019-06-07,7.75
3812,2019-06-10,7.75
3813,2019-06-11,7.75
3815,2019-06-13,7.75
3816,2019-06-14,7.5
3819,2019-06-17,7.5
3820,2019-06-18,7.5
3821,2019-06-19,7.5
3822,2019-06-20,7.5
3823,2019-06-21,7.5
3826,2019-06-24,7.5
3827,2019-06-25,7.5
3828,2019-06-26,7.5
3829,2019-06-27,7.5
3830,2019-06-28,7.5
3833,2019-07-01,7.5
3834,2019-07-02,7.5
3835,2019-07-03,7.5
3836,2019-07-04,7.5
3837,2019-07-05,7.5
3840,2019-07-08,7.5
3841,2019-07-09,7.5
3842,2019-07-10,7.5
3843,2019-07-11,7.5
3844,2019-07-12,7.5
3847,2019-07-15,7.5
3848,2019-07-16,7.5
3849,2019-07-17,7.5
3850,2019-07-18,7.5
3851,2019-07-19,7.5
3854,2019-07-22,7.5
3855,2019-07-23,7.5
3856,2019-07-24,7.5
3857,2019-07-25,7.5
3858,2019-07-26,7.25
3861,2019-07-29,7.25
3862,2019-07-30,7.25
3863,2019-07-31,7.25
3864,2019-08-01,7.25
3865,2019-08-02,7.25
3868,2019-08-05,7.25
3869,2019-08-06,7.25
3870,2019-08-07,7.25
3871,2019-08-08,7.25
3872,2019-08-09,7.25
3875,2019-08-12,7.25
3876,2019-08-13,7.25
3877,2019-08-14,7.25
3878,2019-08-15,7.25
3879,2019-08-16,7.25
3882,2019-08-19,7.25
3883,2019-08-20,7.25
3884,2019-08-21,7.25
3885,2019-08-22,7.25
3886,2019-08-23,7.25
3889,2019-08-26,7.25
3890,2019-08-27,7.25
3891,2019-08-28,7.25
3892,2019-08-29,7.25
3893,2019-08-30,7.25
3896,2019-09-02,7.25
3897,2019-09-03,7.25
3898,2019-09-04,7.25
3899,2019-09-05,7.25
3900,2019-09-06,7.0
3903,2019-09-09,7.0
3904,2019-09-10,7.0
3905,2019-09-11,7.0
3906,2019-09-12,7.0
3907,2019-09-13,7.0
3910,2019-09-16,7.0
3911,2019-09-17,7.0
3912,2019-09-18,7.0
3913,2019-09-19,7.0
3914,2019-09-20,7.0
3917,2019-09-23,7.0
3918,2019-09-24,7.0
3919,2019-09-25,7.0
3920,2019-09-26,7.0
3921,2019-09-27,7.0
3924,2019-09-30,7.0
3925,2019-10-01,7.0
3926,2019-10-02,7.0
3927,2019-10-03,7.0
3928,2019-10-04,7.0
3931,2019-10-07,7.0
3932,2019-10-08,7.0
3933,2019-10-09,7.0
3934,2019-10-10,7.0
3935,2019-10-11,7.0
3938,2019-10-14,7.0
3939,2019-10-15,7.0
3940,2019-10-16,7.0
3941,2019-10-17,7.0
3942,2019-10-18,7.0
3945,2019-10-21,7.0
3946,2019-10-22,7.0
3947,2019-10-23,7.0
3948,2019-10-24,7.0
3949,2019-10-25,6.5
3952,2019-10-28,6.5
3953,2019-10-29,6.5
3954,2019-10-30,6.5
3955,2019-10-31,6.5
3956,2019-11-01,6.5
3960,2019-11-05,6.5
3961,2019-11-06,6.5
3962,2019-11-07,6.5
3963,2019-11-08,6.5
3966,2019-11-11,6.5
3967,2019-11-12,6.5
3968,2019-11-13,6.5
3969,2019-11-14,6.5
3970,2019-11-15,6.5
3973,2019-11-18,6.5
3974,2019-11-19,6.5
3975,2019-11-20,6.5
3976,2019-11-21,6.5
3977,2019-11-22,6.5
3980,2019-11-25,6.5
3981,2019-11-26,6.5
3982,2019-11-27,6.5
3983,2019-11-28,6.5
3984,2019-11-29,6.5
3987,2019-12-02,6.5
3988,2019-12-03,6.5
3989,2019-12-04,6.5
3990,2019-12-05,6.5
3991,2019-12-06,6.5
3994,2019-12-09,6.5
3995,2019-12-10,6.5
3996,2019-12-11,6.5
3997,2019-12-12,6.5
3998,2019-12-13,6.25
4001,2019-12-16,6.25
4002,2019-12-17,6.25
4003,2019-12-18,6.25
4004,2019-12-19,6.25
4005,2019-12-20,6.25
4008,2019-12-23,6.25
4009,2019-12-24,6.25
4010,2019-12-25,6.25
4011,2019-12-26,6.25
4012,2019-12-27,6.25
4015,2019-12-30,6.25
4019,2020-01-03,6.25
4022,2020-01-06,6.25
4024,2020-01-08,6.25
4025,2020-01-09,6.25
4026,2020-01-10,6.25
4029,2020-01-13,6.25
4030,2020-01-14,6.25
4031,2020-01-15,6.25
4032,2020-01-16,6.25
4033,2020-01-17,6.25
4036,2020-01-20,6.25
4037,2020-01-21,6.25
4038,2020-01-22,6.25
4039,2020-01-23,6.25
4040,2020-01-24,6.25
4043,2020-01-27,6.25
4044,2020-01-28,6.25
4045,2020-01-29,6.25
4046,2020-01-30,6.25
4047,2020-01-31,6.25
4050,2020-02-03,6.25
4051,2020-02-04,6.25
4052,2020-02-05,6.25
4053,2020-02-06,6.25
4054,2020-02-07,6.0
4057,2020-02-10,6.0
4058,2020-02-11,6.0
4059,2020-02-12,6.0
4060,2020-02-13,6.0
4061,2020-02-14,6.0
4064,2020-02-17,6.0
4065,2020-02-18,6.0
4066,2020-02-19,6.0
4067,2020-02-20,6.0
4068,2020-02-21,6.0
4072,2020-02-25,6.0
4073,2020-02-26,6.0
4074,2020-02-27,6.0
4075,2020-02-28,6.0
4078,2020-03-02,6.0
4079,2020-03-03,6.0
4080,2020-03-04,6.0
4081,2020-03-05,6.0
4082,2020-03-06,6.0
4086,2020-03-10,6.0
4087,2020-03-11,6.0
4088,2020-03-12,6.0
4089,2020-03-13,6.0
4092,2020-03-16,6.0
4093,2020-03-17,6.0
4094,2020-03-18,6.0
4095,2020-03-19,6.0
4096,2020-03-20,6.0
4099,2020-03-23,6.0
4100,2020-03-24,6.0
4101,2020-03-25,6.0
4102,2020-03-26,6.0
4103,2020-03-27,6.0
4106,2020-03-30,6.0
4107,2020-03-31,6.0
4108,2020-04-01,6.0
4109,2020-04-02,6.0
4110,2020-04-03,6.0
4113,2020-04-06,6.0
4114,2020-04-07,6.0
4115,2020-04-08,6.0
4116,2020-04-09,6.0
4117,2020-04-10,6.0
4120,2020-04-13,6.0
4121,2020-04-14,6.0
4122,2020-04-15,6.0
4123,2020-04-16,6.0
4124,2020-04-17,6.0
4127,2020-04-20,6.0
4128,2020-04-21,6.0
4129,2020-04-22,6.0
4130,2020-04-23,6.0
4131,2020-04-24,5.5
4134,2020-04-27,5.5
4135,2020-04-28,5.5
4136,2020-04-29,5.5
4137,2020-04-30,5.5
4141,2020-05-04,5.5
4142,2020-05-05,5.5
4143,2020-05-06,5.5
4144,2020-05-07,5.5
4145,2020-05-08,5.5
4149,2020-05-12,5.5
4150,2020-05-13,5.5
4151,2020-05-14,5.5
4152,2020-05-15,5.5
4155,2020-05-18,5.5
4156,2020-05-19,5.5
4157,2020-05-20,5.5
4158,2020-05-21,5.5
4159,2020-05-22,5.5
4162,2020-05-25,5.5
4163,2020-05-26,5.5
4164,2020-05-27,5.5
4165,2020-05-28,5.5
4166,2020-05-29,5.5
4169,2020-06-01,5.5
4170,2020-06-02,5.5
4171,2020-06-03,5.5
4172,2020-06-04,5.5
4173,2020-06-05,5.5
4176,2020-06-08,5.5
4177,2020-06-09,5.5
4178,2020-06-10,5.5
4179,2020-06-11,5.5
4183,2020-06-15,5.5
4184,2020-06-16,5.5
4185,2020-06-17,5.5
4186,2020-06-18,5.5
4187,2020-06-19,4.5
4190,2020-06-22,4.5
4191,2020-06-23,4.5
4193,2020-06-25,4.5
4194,2020-06-26,4.5
4197,2020-06-29,4.5
4198,2020-06-30,4.5
4200,2020-07-02,4.5
4201,2020-07-03,4.5
4204,2020-07-06,4.5
4205,2020-07-07,4.5
4206,2020-07-08,4.5
4207,2020-07-09,4.5
4208,2020-07-10,4.5
4211,2020-07-13,4.5
4212,2020-07-14,4.5
4213,2020-07-15,4.5
4214,2020-07-16,4.5
4215,2020-07-17,4.5
4218,2020-07-20,4.5
4219,2020-07-21,4.5
4220,2020-07-22,4.5
4221,2020-07-23,4.5
4222,2020-07-24,4.25
4225,2020-07-27,4.25
4226,2020-07-28,4.25
4227,2020-07-29,4.25
4228,2020-07-30,4.25
4229,2020-07-31,4.25
4232,2020-08-03,4.25
4233,2020-08-04,4.25
4234,2020-08-05,4.25
4235,2020-08-06,4.25
4236,2020-08-07,4.25
4239,2020-08-10,4.25
4240,2020-08-11,4.25
4241,2020-08-12,4.25
4242,2020-08-13,4.25
4243,2020-08-14,4.25
4246,2020-08-17,4.25
4247,2020-08-18,4.25
4248,2020-08-19,4.25
4249,2020-08-20,4.25
4250,2020-08-21,4.25
4253,2020-08-24,4.25
4254,2020-08-25,4.25
4255,2020-08-26,4.25
4256,2020-08-27,4.25
4257,2020-08-28,4.25
4260,2020-08-31,4.25
4261,2020-09-01,4.25
4262,2020-09-02,4.25
4263,2020-09-03,4.25
4264,2020-09-04,4.25
4267,2020-09-07,4.25
4268,2020-09-08,4.25
4269,2020-09-09,4.25
4270,2020-09-10,4.25
4271,2020-09-11,4.25
4274,2020-09-14,4.25
4275,2020-09-15,4.25
4276,2020-09-16,4.25
4277,2020-09-17,4.25
4278,2020-09-18,4.25
4281,2020-09-21,4.25
4282,2020-09-22,4.25
4283,2020-09-23,4.25
4284,2020-09-24,4.25
4285,2020-09-25,4.25
4288,2020-09-28,4.25
4289,2020-09-29,4.25
4290,2020-09-30,4.25
4291,2020-10-01,4.25
4292,2020-10-02,4.25
4295,2020-10-05,4.25
4296,2020-10-06,4.25
4297,2020-10-07,4.25
4298,2020-10-08,4.25
4299,2020-10-09,4.25
4302,2020-10-12,4.25
4303,2020-10-13,4.25
4304,2020-10-14,4.25
4305,2020-10-15,4.25
4306,2020-10-16,4.25
4309,2020-10-19,4.25
4310,2020-10-20,4.25
4311,2020-10-21,4.25
4312,2020-10-22,4.25
4313,2020-10-23,4.25
4316,2020-10-26,4.25
4317,2020-10-27,4.25
4318,2020-10-28,4.25
4319,2020-10-29,4.25
4320,2020-10-30,4.25
4323,2020-11-02,4.25
4324,2020-11-03,4.25
4326,2020-11-05,4.25
4327,2020-11-06,4.25
4330,2020-11-09,4.25
4331,2020-11-10,4.25
4332,2020-11-11,4.25
4333,2020-11-12,4.25
4334,2020-11-13,4.25
4337,2020-11-16,4.25
4338,2020-11-17,4.25
4339,2020-11-18,4.25
4340,2020-11-19,4.25
4341,2020-11-20,4.25
4344,2020-11-23,4.25
4345,2020-11-24,4.25
4346,2020-11-25,4.25
4347,2020-11-26,4.25
4348,2020-11-27,4.25
4351,2020-11-30,4.25
4352,2020-12-01,4.25
4353,2020-12-02,4.25
4354,2020-12-03,4.25
4355,2020-12-04,4.25
4358,2020-12-07,4.25
4359,2020-12-08,4.25
4360,2020-12-09,4.25
4361,2020-12-10,4.25
4362,2020-12-11,4.25
4365,2020-12-14,4.25
4366,2020-12-15,4.25
4367,2020-12-16,4.25
4368,2020-12-17,4.25
4369,2020-12-18,4.25
4372,2020-12-21,4.25
4373,2020-12-22,4.25
4374,2020-12-23,4.25
4375,2020-12-24,4.25
4376,2020-12-25,4.25
4379,2020-12-28,4.25
4380,2020-12-29,4.25
4381,2020-12-30,4.25
4386,2021-01-04,4.25
4387,2021-01-05,4.25
4388,2021-01-06,4.25
4390,2021-01-08,4.25
4393,2021-01-11,4.25
4394,2021-01-12,4.25
4395,2021-01-13,4.25
4396,2021-01-14,4.25
4397,2021-01-15,4.25
4400,2021-01-18,4.25
4401,2021-01-19,4.25
4402,2021-01-20,4.25
4403,2021-01-21,4.25
4404,2021-01-22,4.25
4407,2021-01-25,4.25
4408,2021-01-26,4.25
4409,2021-01-27,4.25
4410,2021-01-28,4.25
4411,2021-01-29,4.25
4414,2021-02-01,4.25
4415,2021-02-02,4.25
4416,2021-02-03,4.25
4417,2021-02-04,4.25
4418,2021-02-05,4.25
4421,2021-02-08,4.25
4422,2021-02-09,4.25
4423,2021-02-10,4.25
4424,2021-02-11,4.25
4425,2021-02-12,4.25
4428,2021-02-15,4.25
4429,2021-02-16,4.25
4430,2021-02-17,4.25
4431,2021-02-18,4.25
4432,2021-02-19,4.25
4433,2021-02-20,4.25
4435,2021-02-22,4.25
4437,2021-02-24,4.25
4438,2021-02-25,4.25
4439,2021-02-26,4.25
4442,2021-03-01,4.25
4443,2021-03-02,4.25
4444,2021-03-03,4.25
4445,2021-03-04,4.25
4446,2021-03-05,4.25
4450,2021-03-09,4.25
4451,2021-03-10,4.25
4452,2021-03-11,4.25
4453,2021-03-12,4.25
4456,2021-03-15,4.25
4457,2021-03-16,4.25
4458,2021-03-17,4.25
4459,2021-03-18,4.25
4460,2021-03-19,4.5
4463,2021-03-22,4.5
4464,2021-03-23,4.5
4465,2021-03-24,4.5
4466,2021-03-25,4.5
4467,2021-03-26,4.5
4470,2021-03-29,4.5
4471,2021-03-30,4.5
4472,2021-03-31,4.5
4473,2021-04-01,4.5
4474,2021-04-02,4.5
4477,2021-04-05,4.5
4478,2021-04-06,4.5
4479,2021-04-07,4.5
4480,2021-04-08,4.5
4481,2021-04-09,4.5
4484,2021-04-12,4.5
4485,2021-04-13,4.5
4486,2021-04-14,4.5
4487,2021-04-15,4.5
4488,2021-04-16,4.5
4491,2021-04-19,4.5
4492,2021-04-20,4.5
4493,2021-04-21,4.5
4494,2021-04-22,4.5
4495,2021-04-23,5.0
4498,2021-04-26,5.0
4499,2021-04-27,5.0
4500,2021-04-28,5.0
4501,2021-04-29,5.0
4502,2021-04-30,5.0
4506,2021-05-04,5.0
4507,2021-05-05,5.0
4508,2021-05-06,5.0
4509,2021-05-07,5.0
4512,2021-05-10,5.0
4513,2021-05-11,5.0
4514,2021-05-12,5.0
4515,2021-05-13,5.0
4516,2021-05-14,5.0
4519,2021-05-17,5.0
4520,2021-05-18,5.0
4521,2021-05-19,5.0
4522,2021-05-20,5.0
4523,2021-05-21,5.0
4526,2021-05-24,5.0
4527,2021-05-25,5.0
4528,2021-05-26,5.0
4529,2021-05-27,5.0
4530,2021-05-28,5.0
4533,2021-05-31,5.0
4534,2021-06-01,5.0
4535,2021-06-02,5.0
4536,2021-06-03,5.0
4537,2021-06-04,5.0
4540,2021-06-07,5.0
4541,2021-06-08,5.0
4542,2021-06-09,5.0
4543,2021-06-10,5.0
4544,2021-06-11,5.5
4547,2021-06-14,5.5
4548,2021-06-15,5.5
4549,2021-06-16,5.5
4550,2021-06-17,5.5
4551,2021-06-18,5.5
4554,2021-06-21,5.5
4555,2021-06-22,5.5
4556,2021-06-23,5.5
4557,2021-06-24,5.5
4558,2021-06-25,5.5
4561,2021-06-28,5.5
4562,2021-06-29,5.5
4563,2021-06-30,5.5
4564,2021-07-01,5.5
4565,2021-07-02,5.5
4568,2021-07-05,5.5
4569,2021-07-06,5.5
4570,2021-07-07,5.5
4571,2021-07-08,5.5
4572,2021-07-09,5.5
4575,2021-07-12,5.5
4576,2021-07-13,5.5
4577,2021-07-14,5.5
4578,2021-07-15,5.5
4579,2021-07-16,5.5
4582,2021-07-19,5.5
4583,2021-07-20,5.5
4584,2021-07-21,5.5
4585,2021-07-22,5.5
4586,2021-07-23,6.5
4589,2021-07-26,6.5
4590,2021-07-27,6.5
4591,2021-07-28,6.5
4592,2021-07-29,6.5
4593,2021-07-30,6.5
4596,2021-08-02,6.5
4597,2021-08-03,6.5
4598,2021-08-04,6.5
4599,2021-08-05,6.5
4600,2021-08-06,6.5
4603,2021-08-09,6.5
4604,2021-08-10,6.5
4605,2021-08-11,6.5
4606,2021-08-12,6.5
4607,2021-08-13,6.5
4610,2021-08-16,6.5
4611,2021-08-17,6.5
4612,2021-08-18,6.5
4613,2021-08-19,6.5
4614,2021-08-20,6.5
4617,2021-08-23,6.5
4618,2021-08-24,6.5
4619,2021-08-25,6.5
4620,2021-08-26,6.5
4621,2021-08-27,6.5
4624,2021-08-30,6.5
4625,2021-08-31,6.5
4626,2021-09-01,6.5
4627,2021-09-02,6.5
4628,2021-09-03,6.5
4631,2021-09-06,6.5
4632,2021-09-07,6.5
4633,2021-09-08,6.5
4634,2021-09-09,6.5
4635,2021-09-10,6.75
4638,2021-09-13,6.75
4639,2021-09-14,6.75
4640,2021-09-15,6.75
4641,2021-09-16,6.75
4642,2021-09-17,6.75
4645,2021-09-20,6.75
4646,2021-09-21,6.75
4647,2021-09-22,6.75
4648,2021-09-23,6.75
4649,2021-09-24,6.75
4652,2021-09-27,6.75
4653,2021-09-28,6.75
4654,2021-09-29,6.75
4655,2021-09-30,6.75
4656,2021-10-01,6.75
4659,2021-10-04,6.75
4660,2021-10-05,6.75
4661,2021-10-06,6.75
4662,2021-10-07,6.75
4663,2021-10-08,6.75
4666,2021-10-11,6.75
4667,2021-10-12,6.75
4668,2021-10-13,6.75
4669,2021-10-14,6.75
4670,2021-10-15,6.75
4673,2021-10-18,6.75
4674,2021-10-19,6.75
4675,2021-10-20,6.75
4676,2021-10-21,6.75
4677,2021-10-22,7.5
4680,2021-10-25,7.5
4681,2021-10-26,7.5
4682,2021-10-27,7.5
4683,2021-10-28,7.5
4684,2021-10-29,7.5
4687,2021-11-01,7.5
4688,2021-11-02,7.5
4689,2021-11-03,7.5
4691,2021-11-05,7.5
4694,2021-11-08,7.5
4695,2021-11-09,7.5
4696,2021-11-10,7.5
4697,2021-11-11,7.5
4698,2021-11-12,7.5
4701,2021-11-15,7.5
4702,2021-11-16,7.5
4703,2021-11-17,7.5
4704,2021-11-18,7.5
4705,2021-11-19,7.5
4708,2021-11-22,7.5
4709,2021-11-23,7.5
4710,2021-11-24,7.5
4711,2021-11-25,7.5
4712,2021-11-26,7.5
4715,2021-11-29,7.5
4716,2021-11-30,7.5
4717,2021-12-01,7.5
4718,2021-12-02,7.5
4719,2021-12-03,7.5
4722,2021-12-06,7.5
4723,2021-12-07,7.5
4724,2021-12-08,7.5
4725,2021-12-09,7.5
4726,2021-12-10,7.5
4729,2021-12-13,7.5
4730,2021-12-14,7.5
4731,2021-12-15,7.5
4732,2021-12-16,7.5
4733,2021-12-17,8.5
4736,2021-12-20,8.5
4737,2021-12-21,8.5
4738,2021-12-22,8.5
4739,2021-12-23,8.5
4740,2021-12-24,8.5
4743,2021-12-27,8.5
4744,2021-12-28,8.5
4745,2021-12-29,8.5
4746,2021-12-30,8.5
4750,2022-01-03,8.5
4751,2022-01-04,8.5
4752,2022-01-05,8.5
4753,2022-01-06,8.5
4757,2022-01-10,8.5
4758,2022-01-11,8.5
4759,2022-01-12,8.5
4760,2022-01-13,8.5
4761,2022-01-14,8.5
4764,2022-01-17,8.5
4765,2022-01-18,8.5
4766,2022-01-19,8.5
4767,2022-01-20,8.5
4768,2022-01-21,8.5
4771,2022-01-24,8.5
4772,2022-01-25,8.5
4773,2022-01-26,8.5
4774,2022-01-27,8.5
4775,2022-01-28,8.5
4778,2022-01-31,8.5
4779,2022-02-01,8.5
4780,2022-02-02,8.5
4781,2022-02-03,8.5
4782,2022-02-04,8.5
4785,2022-02-07,8.5
4786,2022-02-08,8.5
4787,2022-02-09,8.5
4788,2022-02-10,8.5
4789,2022-02-11,9.5
4792,2022-02-14,9.5
4793,2022-02-15,9.5
4794,2022-02-16,9.5
4795,2022-02-17,9.5
4796,2022-02-18,9.5
4799,2022-02-21,9.5
4800,2022-02-22,9.5
4802,2022-02-24,9.5
4803,2022-02-25,9.5
4827,2022-03-21,20.0
4828,2022-03-22,20.0
4829,2022-03-23,20.0
4830,2022-03-24,20.0
4831,2022-03-25,20.0
4834,2022-03-28,20.0
4835,2022-03-29,20.0
4836,2022-03-30,20.0
4837,2022-03-31,20.0
4838,2022-04-01,20.0
4841,2022-04-04,20.0
4842,2022-04-05,20.0
4843,2022-04-06,20.0
4844,2022-04-07,20.0
4845,2022-04-08,17.0
4848,2022-04-11,17.0
4849,2022-04-12,17.0
4850,2022-04-13,17.0
4851,2022-04-14,17.0
4852,2022-04-15,17.0
4855,2022-04-18,17.0
4856,2022-04-19,17.0
4857,2022-04-20,17.0
4858,2022-04-21,17.0
4859,2022-04-22,17.0
4862,2022-04-25,17.0
4863,2022-04-26,17.0
4864,2022-04-27,17.0
4865,2022-04-28,17.0
4866,2022-04-29,14.0
4871,2022-05-04,14.0
4872,2022-05-05,14.0
4873,2022-05-06,14.0
4878,2022-05-11,14.0
4879,2022-05-12,14.0
4880,2022-05-13,14.0
4883,2022-05-16,14.0
4884,2022-05-17,14.0
4885,2022-05-18,14.0
4886,2022-05-19,14.0
4887,2022-05-20,14.0
4890,2022-05-23,14.0
4891,2022-05-24,14.0
4892,2022-05-25,14.0
4893,2022-05-26,11.0
4894,2022-05-27,11.0
4897,2022-05-30,11.0
4898,2022-05-31,11.0
4899,2022-06-01,11.0
4900,2022-06-02,11.0
4901,2022-06-03,11.0
4904,2022-06-06,11.0
4905,2022-06-07,11.0
4906,2022-06-08,11.0
4907,2022-06-09,11.0
4908,2022-06-10,9.5
4912,2022-06-14,9.5
4913,2022-06-15,9.5
4914,2022-06-16,9.5
4915,2022-06-17,9.5
4918,2022-06-20,9.5
4919,2022-06-21,9.5
4920,2022-06-22,9.5
4921,2022-06-23,9.5
4922,2022-06-24,9.5
4925,2022-06-27,9.5
4926,2022-06-28,9.5
4927,2022-06-29,9.5
4928,2022-06-30,9.5
4929,2022-07-01,9.5
4932,2022-07-04,9.5
4933,2022-07-05,9.5
4934,2022-07-06,9.5
4935,2022-07-07,9.5
4936,2022-07-08,9.5
4939,2022-07-11,9.5
4940,2022-07-12,9.5
4941,2022-07-13,9.5
4942,2022-07-14,9.5
4943,2022-07-15,9.5
4946,2022-07-18,9.5
4947,2022-07-19,9.5
4948,2022-07-20,9.5
4949,2022-07-21,9.5
4950,2022-07-22,8.0
4953,2022-07-25,8.0
4954,2022-07-26,8.0
4955,2022-07-27,8.0
4956,2022-07-28,8.0
4957,2022-07-29,8.0
4960,2022-08-01,8.0
4961,2022-08-02,8.0
4962,2022-08-03,8.0
4963,2022-08-04,8.0
4964,2022-08-05,8.0
4967,2022-08-08,8.0
4968,2022-08-09,8.0
4969,2022-08-10,8.0
4970,2022-08-11,8.0
4971,2022-08-12,8.0
4974,2022-08-15,8.0
4975,2022-08-16,8.0
4976,2022-08-17,8.0
4977,2022-08-18,8.0
4978,2022-08-19,8.0
4981,2022-08-22,8.0
4982,2022-08-23,8.0
4983,2022-08-24,8.0
4984,2022-08-25,8.0
4985,2022-08-26,8.0
4988,2022-08-29,8.0
4989,2022-08-30,8.0
4990,2022-08-31,8.0
4991,2022-09-01,8.0
4992,2022-09-02,8.0
4995,2022-09-05,8.0
4996,2022-09-06,8.0
4997,2022-09-07,8.0
4998,2022-09-08,8.0
4999,2022-09-09,8.0
5002,2022-09-12,8.0
5003,2022-09-13,8.0
5004,2022-09-14,8.0
5005,2022-09-15,8.0
5006,2022-09-16,8.0
5009,2022-09-19,7.5
5010,2022-09-20,7.5
5011,2022-09-21,7.5
5012,2022-09-22,7.5
5013,2022-09-23,7.5
5016,2022-09-26,7.5
5017,2022-09-27,7.5
5018,2022-09-28,7.5
5019,2022-09-29,7.5
5020,2022-09-30,7.5
5023,2022-10-03,7.5
5024,2022-10-04,7.5
5025,2022-10-05,7.5
5026,2022-10-06,7.5
5027,2022-10-07,7.5
5030,2022-10-10,7.5
5031,2022-10-11,7.5
5032,2022-10-12,7.5
5033,2022-10-13,7.5
5034,2022-10-14,7.5
5037,2022-10-17,7.5
5038,2022-10-18,7.5
5039,2022-10-19,7.5
5040,2022-10-20,7.5
5041,2022-10-21,7.5
5044,2022-10-24,7.5
5045,2022-10-25,7.5
5046,2022-10-26,7.5
5047,2022-10-27,7.5
5048,2022-10-28,7.5
5051,2022-10-31,7.5
5052,2022-11-01,7.5
5053,2022-11-02,7.5
5054,2022-11-03,7.5
5058,2022-11-07,7.5
5059,2022-11-08,7.5
5060,2022-11-09,7.5
5061,2022-11-10,7.5
5062,2022-11-11,7.5
5065,2022-11-14,7.5
5066,2022-11-15,7.5
5067,2022-11-16,7.5
5068,2022-11-17,7.5
5069,2022-11-18,7.5
5072,2022-11-21,7.5
5073,2022-11-22,7.5
5074,2022-11-23,7.5
5075,2022-11-24,7.5
5076,2022-11-25,7.5
5079,2022-11-28,7.5
5080,2022-11-29,7.5
5081,2022-11-30,7.5
5082,2022-12-01,7.5
5083,2022-12-02,7.5
5086,2022-12-05,7.5
5087,2022-12-06,7.5
5088,2022-12-07,7.5
5089,2022-12-08,7.5
5090,2022-12-09,7.5
5093,2022-12-12,7.5
5094,2022-12-13,7.5
5095,2022-12-14,7.5
5096,2022-12-15,7.5
5097,2022-12-16,7.5
