Дата,RGBi
2009-01-11,102.21
2009-01-12,102.21
2009-01-13,102.21
2009-01-14,102.21
2009-01-15,101.74
2009-01-16,101.97
2009-01-19,101.97
2009-01-20,101.82
2009-01-21,101.82
2009-01-22,102.04
2009-01-23,99.93
2009-01-26,99.93
2009-01-27,99.33
2009-01-28,99.33
2009-01-29,99.33
2009-01-30,100.48
2009-02-02,100.48
2009-02-03,100.33
2009-02-04,100.33
2009-02-05,100.28
2009-02-06,100.52
2009-02-09,92.97
2009-02-10,92.63
2009-02-11,92.18
2009-02-12,94.77
2009-02-13,98.39
2009-02-16,96.5
2009-02-17,96.47
2009-02-18,96.39
2009-02-19,96.58
2009-02-20,97.82
2009-02-24,101.7
2009-02-25,99.93
2009-02-26,101.51
2009-02-27,108.13
2009-03-02,108.1
2009-03-03,108.0
2009-03-04,107.4
2009-03-05,107.95
2009-03-06,107.86
2009-03-10,108.46
2009-03-11,108.47
2009-03-12,109.21
2009-03-13,109.09
2009-03-16,108.98
2009-03-17,109.37
2009-03-18,109.47
2009-03-19,109.55
2009-03-20,110.78
2009-03-23,110.69
2009-03-24,110.31
2009-03-25,108.91
2009-03-26,109.38
2009-03-27,110.39
2009-03-30,110.88
2009-03-31,112.18
2009-04-01,105.19
2009-04-02,105.06
2009-04-03,105.13
2009-04-06,104.75
2009-04-07,108.24
2009-04-08,108.13
2009-04-09,106.83
2009-04-10,106.48
2009-04-13,107.09
2009-04-14,107.08
2009-04-15,106.8
2009-04-16,106.8
2009-04-17,106.77
2009-04-20,106.49
2009-04-21,107.53
2009-04-22,107.55
2009-04-23,107.19
2009-04-24,107.22
2009-04-27,106.93
2009-04-28,106.94
2009-04-29,107.32
2009-04-30,114.16
2009-05-04,114.23
2009-05-05,106.13
2009-05-06,106.05
2009-05-07,106.02
2009-05-08,105.91
2009-05-12,106.21
2009-05-13,106.24
2009-05-14,106.06
2009-05-15,107.98
2009-05-18,109.8
2009-05-19,109.48
2009-05-20,108.2
2009-05-21,108.17
2009-05-22,107.75
2009-05-25,107.75
2009-05-26,106.71
2009-05-27,106.82
2009-05-28,106.82
2009-05-29,114.75
2009-06-01,114.75
2009-06-02,114.7
2009-06-03,114.89
2009-06-04,114.63
2009-06-05,115.12
2009-06-08,114.96
2009-06-09,114.88
2009-06-10,114.94
2009-06-11,115.0
2009-06-15,114.99
2009-06-16,115.02
2009-06-17,114.95
2009-06-18,115.0
2009-06-19,114.94
2009-06-22,114.97
2009-06-23,114.9
2009-06-24,114.87
2009-06-25,114.87
2009-06-26,114.85
2009-06-29,114.93
2009-06-30,114.96
2009-07-01,115.05
2009-07-02,115.11
2009-07-03,115.16
2009-07-06,115.05
2009-07-07,115.11
2009-07-08,115.11
2009-07-09,115.13
2009-07-10,115.14
2009-07-13,115.14
2009-07-14,115.13
2009-07-15,115.21
2009-07-16,115.46
2009-07-17,115.48
2009-07-20,115.61
2009-07-21,115.75
2009-07-22,115.76
2009-07-23,115.89
2009-07-24,115.81
2009-07-27,115.8
2009-07-28,115.87
2009-07-29,115.88
2009-07-30,115.87
2009-07-31,115.96
2009-08-03,116.05
2009-08-04,116.06
2009-08-05,116.12
2009-08-06,116.11
2009-08-07,116.11
2009-08-10,116.17
2009-08-11,116.12
2009-08-12,116.06
2009-08-13,116.01
2009-08-14,115.89
2009-08-17,115.92
2009-08-18,115.8
2009-08-19,115.87
2009-08-20,115.85
2009-08-21,116.1
2009-08-24,116.07
2009-08-25,116.0
2009-08-26,116.17
2009-08-27,116.46
2009-08-28,116.52
2009-08-31,116.73
2009-09-01,116.61
2009-09-02,116.97
2009-09-03,116.84
2009-09-04,116.92
2009-09-07,116.96
2009-09-08,117.25
2009-09-09,117.56
2009-09-10,118.26
2009-09-11,118.56
2009-09-14,118.49
2009-09-15,118.55
2009-09-16,118.59
2009-09-17,118.76
2009-09-18,118.79
2009-09-21,118.79
2009-09-22,118.86
2009-09-23,119.05
2009-09-24,119.02
2009-09-25,119.02
2009-09-28,118.79
2009-09-29,118.94
2009-09-30,119.34
2009-10-01,119.55
2009-10-02,119.52
2009-10-05,119.73
2009-10-06,120.68
2009-10-07,122.37
2009-10-08,123.3
2009-10-09,123.26
2009-10-12,123.42
2009-10-13,123.7
2009-10-14,124.86
2009-10-15,125.11
2009-10-16,125.44
2009-10-19,125.35
2009-10-20,125.49
2009-10-21,125.81
2009-10-22,125.24
2009-10-23,125.77
2009-10-26,125.78
2009-10-27,125.28
2009-10-28,124.72
2009-10-29,124.83
2009-10-30,124.87
2009-11-02,124.91
2009-11-03,124.79
2009-11-05,124.63
2009-11-06,125.33
2009-11-09,125.74
2009-11-10,125.82
2009-11-11,125.87
2009-11-12,126.13
2009-11-13,126.14
2009-11-16,126.27
2009-11-17,126.37
2009-11-18,126.7
2009-11-19,126.86
2009-11-20,126.87
2009-11-23,127.0
2009-11-24,127.37
2009-11-25,127.92
2009-11-26,127.17
2009-11-27,126.73
2009-11-30,127.0
2009-12-01,127.49
2009-12-02,127.57
2009-12-03,127.84
2009-12-04,127.7
2009-12-07,127.63
2009-12-08,127.34
2009-12-09,127.3
2009-12-10,127.45
2009-12-11,127.54
2009-12-14,127.46
2009-12-15,127.52
2009-12-16,127.56
2009-12-17,127.53
2009-12-18,127.56
2009-12-21,127.58
2009-12-22,127.53
2009-12-23,127.6
2009-12-24,127.79
2009-12-25,128.06
2009-12-28,128.06
2009-12-29,127.89
2009-12-30,127.53
2010-01-11,130.32
2010-01-12,129.02
2010-01-13,129.68
2010-01-14,128.88
2010-01-15,129.87
2010-01-18,130.12
2010-01-19,130.3
2010-01-20,131.02
2010-01-21,131.17
2010-01-22,131.03
2010-01-25,130.75
2010-01-26,130.93
2010-01-27,130.75
2010-01-28,131.22
2010-01-29,130.67
2010-02-01,130.69
2010-02-02,130.85
2010-02-03,131.35
2010-02-04,131.07
2010-02-05,131.07
2010-02-08,131.3
2010-02-09,131.3
2010-02-10,131.17
2010-02-11,131.17
2010-02-12,131.23
2010-02-15,131.2
2010-02-16,131.26
2010-02-17,131.39
2010-02-18,131.41
2010-02-19,131.55
2010-02-24,131.3
2010-02-25,131.46
2010-02-26,131.51
2010-02-27,131.62
2010-03-01,131.78
2010-03-02,132.19
2010-03-03,132.86
2010-03-04,133.16
2010-03-05,133.16
2010-03-09,133.07
2010-03-10,133.14
2010-03-11,133.42
2010-03-12,133.75
2010-03-15,133.86
2010-03-16,131.85
2010-03-17,134.33
2010-03-18,134.44
2010-03-19,134.6
2010-03-22,134.4
2010-03-23,134.57
2010-03-24,134.44
2010-03-25,134.47
2010-03-26,134.6
2010-03-29,134.35
2010-03-30,134.37
2010-03-31,134.64
2010-04-01,134.92
2010-04-02,135.16
2010-04-05,135.27
2010-04-06,135.39
2010-04-07,135.4
2010-04-08,135.35
2010-04-09,133.92
2010-04-12,135.44
2010-04-13,135.42
2010-04-14,135.38
2010-04-15,135.34
2010-04-16,135.14
2010-04-19,134.98
2010-04-20,135.03
2010-04-21,134.71
2010-04-22,134.56
2010-04-23,134.24
2010-04-26,134.25
2010-04-27,133.49
2010-04-28,133.14
2010-04-29,133.41
2010-04-30,133.45
2010-05-04,133.01
2010-05-05,132.0
2010-05-06,129.55
2010-05-07,129.36
2010-05-11,129.5
2010-05-12,130.15
2010-05-13,133.29
2010-05-14,133.05
2010-05-17,133.05
2010-05-18,133.24
2010-05-19,132.23
2010-05-20,132.04
2010-05-21,132.56
2010-05-24,131.91
2010-05-25,131.34
2010-05-26,131.28
2010-05-27,131.66
2010-05-28,132.11
2010-05-31,131.95
2010-06-01,132.57
2010-06-02,132.39
2010-06-03,132.61
2010-06-04,132.51
2010-06-07,132.5
2010-06-08,132.43
2010-06-09,132.61
2010-06-10,132.77
2010-06-11,132.97
2010-06-15,133.05
2010-06-16,133.05
2010-06-17,133.11
2010-06-18,133.21
2010-06-21,133.11
2010-06-22,133.28
2010-06-23,133.3
2010-06-24,133.16
2010-06-25,133.08
2010-06-28,132.98
2010-06-29,132.92
2010-06-30,132.96
2010-07-01,132.71
2010-07-02,132.81
2010-07-05,132.8
2010-07-06,132.77
2010-07-07,132.81
2010-07-08,133.03
2010-07-09,132.93
2010-07-12,132.92
2010-07-13,132.85
2010-07-14,132.8
2010-07-15,132.9
2010-07-16,132.83
2010-07-19,132.85
2010-07-20,132.83
2010-07-21,132.89
2010-07-22,132.95
2010-07-23,133.01
2010-07-26,133.03
2010-07-27,133.09
2010-07-28,133.07
2010-07-29,132.95
2010-07-30,132.94
2010-08-02,132.97
2010-08-03,133.05
2010-08-04,133.13
2010-08-05,133.05
2010-08-06,132.94
2010-08-09,132.88
2010-08-10,132.8
2010-08-11,132.8
2010-08-12,132.75
2010-08-13,132.67
2010-08-16,132.6
2010-08-17,132.48
2010-08-18,132.53
2010-08-19,132.55
2010-08-20,132.51
2010-08-23,132.41
2010-08-24,132.37
2010-08-25,132.27
2010-08-26,132.27
2010-08-27,132.36
2010-08-30,132.31
2010-08-31,132.33
2010-09-01,132.32
2010-09-02,132.26
2010-09-03,131.56
2010-09-06,131.58
2010-09-07,131.58
2010-09-08,132.14
2010-09-09,132.15
2010-09-10,132.28
2010-09-13,132.0
2010-09-14,132.0
2010-09-15,131.95
2010-09-16,131.64
2010-09-17,131.72
2010-09-20,131.72
2010-09-21,131.53
2010-09-22,131.76
2010-09-23,131.78
2010-09-24,131.78
2010-09-27,131.93
2010-09-28,132.08
2010-09-29,132.15
2010-09-30,132.32
2010-10-01,132.43
2010-10-04,132.48
2010-10-05,132.73
2010-10-06,132.86
2010-10-07,132.93
2010-10-08,132.85
2010-10-11,132.94
2010-10-12,132.94
2010-10-13,132.97
2010-10-14,133.02
2010-10-15,132.98
2010-10-18,132.95
2010-10-19,132.96
2010-10-20,132.88
2010-10-21,132.96
2010-10-22,132.8
2010-10-25,132.87
2010-10-26,132.83
2010-10-27,132.66
2010-10-28,132.55
2010-10-29,132.54
2010-11-01,132.45
2010-11-02,132.35
2010-11-03,132.42
2010-11-08,132.41
2010-11-09,132.41
2010-11-10,132.36
2010-11-11,132.36
2010-11-12,132.25
2010-11-13,132.0
2010-11-15,132.13
2010-11-16,131.71
2010-11-17,131.74
2010-11-18,131.76
2010-11-19,131.74
2010-11-22,131.69
2010-11-23,131.62
2010-11-24,131.45
2010-11-25,131.65
2010-11-26,131.53
2010-11-29,131.22
2010-11-30,131.08
2010-12-01,131.08
2010-12-02,131.26
2010-12-03,131.41
2010-12-06,131.51
2010-12-07,131.54
2010-12-08,131.42
2010-12-09,131.34
2010-12-10,131.23
2010-12-13,130.26
2010-12-14,130.24
2010-12-15,130.39
2010-12-16,130.5
2010-12-17,130.62
2010-12-20,130.77
2010-12-21,130.76
2010-12-22,130.65
2010-12-23,130.52
2010-12-24,130.49
2010-12-27,130.63
2010-12-28,130.77
2010-12-29,130.83
2010-12-30,130.67
2011-01-11,130.53
2011-01-12,130.62
2011-01-13,130.75
2011-01-14,130.7
2011-01-17,130.74
2011-01-18,130.74
2011-01-19,130.81
2011-01-20,130.67
2011-01-21,130.72
2011-01-24,130.57
2011-01-25,130.58
2011-01-26,130.33
2011-01-27,130.19
2011-01-28,130.24
2011-01-31,130.43
2011-02-01,130.49
2011-02-02,130.38
2011-02-03,130.5
2011-02-04,130.58
2011-02-07,130.57
2011-02-08,130.55
2011-02-09,130.68
2011-02-10,130.76
2011-02-11,130.78
2011-02-14,130.76
2011-02-15,130.87
2011-02-16,130.9
2011-02-17,130.97
2011-02-18,130.88
2011-02-21,130.92
2011-02-22,130.81
2011-02-24,130.76
2011-02-25,130.72
2011-02-28,130.67
2011-03-01,130.84
2011-03-02,130.92
2011-03-03,131.11
2011-03-04,131.03
2011-03-05,131.06
2011-03-09,131.03
2011-03-10,131.0
2011-03-11,130.95
2011-03-14,130.99
2011-03-15,131.05
2011-03-16,131.05
2011-03-17,131.23
2011-03-18,131.4
2011-03-21,131.46
2011-03-22,131.55
2011-03-23,131.5
2011-03-24,131.5
2011-03-25,131.57
2011-03-28,131.66
2011-03-29,131.66
2011-03-30,131.73
2011-03-31,131.86
2011-04-01,132.07
2011-04-04,132.33
2011-04-05,132.39
2011-04-06,132.48
2011-04-07,132.62
2011-04-08,132.62
2011-04-11,132.62
2011-04-12,132.52
2011-04-13,132.35
2011-04-14,132.19
2011-04-15,132.3
2011-04-18,132.22
2011-04-19,131.97
2011-04-20,132.19
2011-04-21,132.12
2011-04-22,132.14
2011-04-25,132.2
2011-04-26,132.18
2011-04-27,132.08
2011-04-28,132.2
2011-04-29,132.07
2011-05-03,131.92
2011-05-04,131.9
2011-05-05,131.71
2011-05-06,131.64
2011-05-10,131.62
2011-05-11,131.68
2011-05-12,131.58
2011-05-13,131.52
2011-05-16,131.47
2011-05-17,131.38
2011-05-18,131.44
2011-05-19,131.53
2011-05-20,131.55
2011-05-23,131.47
2011-05-24,131.48
2011-05-25,131.41
2011-05-26,131.5
2011-05-27,131.48
2011-05-30,131.36
2011-05-31,131.37
2011-06-01,131.53
2011-06-02,131.44
2011-06-03,131.56
2011-06-06,131.58
2011-06-07,131.66
2011-06-08,131.6
2011-06-09,131.75
2011-06-10,131.79
2011-06-14,131.86
2011-06-15,131.79
2011-06-16,131.63
2011-06-17,131.62
2011-06-20,131.53
2011-06-21,131.6
2011-06-22,131.63
2011-06-23,131.55
2011-06-24,131.57
2011-06-27,131.5
2011-06-28,131.67
2011-06-29,131.78
2011-06-30,131.9
2011-07-01,132.19
2011-07-04,132.27
2011-07-05,132.29
2011-07-06,132.5
2011-07-07,132.74
2011-07-08,133.03
2011-07-11,132.62
2011-07-12,132.46
2011-07-13,132.63
2011-07-14,132.74
2011-07-15,132.78
2011-07-18,132.8
2011-07-19,132.83
2011-07-20,132.86
2011-07-21,132.81
2011-07-22,132.89
2011-07-25,132.97
2011-07-26,133.0
2011-07-27,132.98
2011-07-28,132.92
2011-07-29,133.03
2011-08-01,133.29
2011-08-02,133.46
2011-08-03,133.49
2011-08-04,133.13
2011-08-05,132.46
2011-08-08,132.28
2011-08-09,130.7
2011-08-10,131.57
2011-08-11,130.95
2011-08-12,131.2
2011-08-15,131.54
2011-08-16,131.46
2011-08-17,131.72
2011-08-18,131.62
2011-08-19,131.16
2011-08-22,131.31
2011-08-23,131.45
2011-08-24,131.29
2011-08-25,131.13
2011-08-26,131.08
2011-08-29,131.34
2011-08-30,131.54
2011-08-31,131.57
2011-09-01,131.45
2011-09-02,131.55
2011-09-05,131.19
2011-09-06,131.24
2011-09-07,131.28
2011-09-08,131.41
2011-09-09,131.33
2011-09-12,131.3
2011-09-13,131.19
2011-09-14,131.03
2011-09-15,130.5
2011-09-16,130.44
2011-09-19,129.84
2011-09-20,129.36
2011-09-21,129.55
2011-09-22,128.72
2011-09-23,127.39
2011-09-26,126.35
2011-09-27,126.84
2011-09-28,128.19
2011-09-29,128.26
2011-09-30,128.65
2011-10-03,127.6
2011-10-04,126.69
2011-10-05,126.61
2011-10-06,127.41
2011-10-07,127.9
2011-10-10,128.27
2011-10-11,128.43
2011-10-12,128.61
2011-10-13,128.34
2011-10-14,128.34
2011-10-17,128.49
2011-10-18,128.05
2011-10-19,128.24
2011-10-20,128.12
2011-10-21,128.16
2011-10-24,128.37
2011-10-25,128.62
2011-10-26,128.77
2011-10-27,129.71
2011-10-28,130.05
2011-10-31,129.52
2011-11-01,128.87
2011-11-02,128.94
2011-11-03,129.07
2011-11-07,129.18
2011-11-08,129.26
2011-11-09,129.33
2011-11-10,128.93
2011-11-11,129.01
2011-11-14,129.13
2011-11-15,128.81
2011-11-16,128.79
2011-11-17,128.64
2011-11-18,128.55
2011-11-21,128.39
2011-11-22,128.36
2011-11-23,128.19
2011-11-24,128.21
2011-11-25,128.11
2011-11-28,128.27
2011-11-29,128.41
2011-11-30,128.74
2011-12-01,129.17
2011-12-02,129.39
2011-12-05,129.49
2011-12-06,129.58
2011-12-07,129.66
2011-12-08,129.52
2011-12-09,129.32
2011-12-12,129.14
2011-12-13,129.01
2011-12-14,128.93
2011-12-15,128.92
2011-12-16,128.9
2011-12-19,128.81
2011-12-20,128.95
2011-12-21,128.8
2011-12-22,128.85
2011-12-23,128.91
2011-12-26,129.0
2011-12-27,128.97
2011-12-28,129.05
2011-12-29,129.05
2011-12-30,129.12
2012-01-03,129.1
2012-01-04,129.11
2012-01-05,129.12
2012-01-06,129.14
2012-01-09,129.17
2012-01-10,129.24
2012-01-11,129.34
2012-01-12,129.61
2012-01-13,129.57
2012-01-16,129.56
2012-01-17,129.78
2012-01-18,129.8
2012-01-19,129.82
2012-01-20,129.93
2012-01-23,129.86
2012-01-24,129.72
2012-01-25,129.89
2012-01-26,130.08
2012-01-27,130.4
2012-01-30,130.35
2012-01-31,130.62
2012-02-01,130.82
2012-02-02,131.18
2012-02-03,131.55
2012-02-06,131.78
2012-02-07,131.97
2012-02-08,132.11
2012-02-09,131.79
2012-02-10,131.55
2012-02-13,131.65
2012-02-14,131.68
2012-02-15,131.77
2012-02-16,131.78
2012-02-17,131.81
2012-02-20,131.56
2012-02-21,131.71
2012-02-22,131.62
2012-02-24,131.69
2012-02-27,131.82
2012-02-28,131.72
2012-02-29,131.9
2012-03-01,131.88
2012-03-02,131.88
2012-03-05,131.88
2012-03-06,131.77
2012-03-07,131.64
2012-03-11,131.71
2012-03-12,131.82
2012-03-13,132.01
2012-03-14,132.2
2012-03-15,132.18
2012-03-16,132.26
2012-03-19,132.06
2012-03-20,132.0
2012-03-21,131.95
2012-03-22,131.88
2012-03-23,131.85
2012-03-26,131.92
2012-03-27,131.94
2012-03-28,131.98
2012-03-29,132.08
2012-03-30,132.03
2012-04-02,132.07
2012-04-03,132.07
2012-04-04,131.91
2012-04-05,131.9
2012-04-06,131.8
2012-04-09,131.57
2012-04-10,131.35
2012-04-11,131.29
2012-04-12,131.33
2012-04-13,131.28
2012-04-16,131.22
2012-04-17,131.36
2012-04-18,131.52
2012-04-19,131.4
2012-04-20,131.57
2012-04-23,131.44
2012-04-24,131.31
2012-04-25,131.41
2012-04-26,131.47
2012-04-27,131.44
2012-04-28,131.59
2012-05-02,131.53
2012-05-03,131.57
2012-05-04,131.53
2012-05-05,131.33
2012-05-07,131.42
2012-05-08,131.42
2012-05-10,131.2
2012-05-11,131.02
2012-05-12,131.14
2012-05-14,130.47
2012-05-15,130.35
2012-05-16,129.69
2012-05-17,129.17
2012-05-18,128.85
2012-05-21,129.02
2012-05-22,129.3
2012-05-23,128.73
2012-05-24,128.51
2012-05-25,128.61
2012-05-28,128.62
2012-05-29,128.69
2012-05-30,128.61
2012-05-31,128.22
2012-06-01,127.39
2012-06-04,127.78
2012-06-05,127.95
2012-06-06,128.71
2012-06-07,129.1
2012-06-08,128.63
2012-06-09,128.9
2012-06-13,128.52
2012-06-14,128.43
2012-06-15,128.87
2012-06-18,128.88
2012-06-19,128.68
2012-06-20,128.61
2012-06-21,128.44
2012-06-22,128.39
2012-06-25,128.37
2012-06-26,128.29
2012-06-27,128.39
2012-06-28,128.32
2012-06-29,128.81
2012-07-02,129.59
2012-07-03,130.0
2012-07-04,130.36
2012-07-05,130.33
2012-07-06,130.16
2012-07-09,130.15
2012-07-10,130.15
2012-07-11,130.17
2012-07-12,130.48
2012-07-13,130.93
2012-07-16,131.64
2012-07-17,131.99
2012-07-18,132.06
2012-07-19,131.78
2012-07-20,131.58
2012-07-23,130.64
2012-07-24,130.64
2012-07-25,130.5
2012-07-26,130.94
2012-07-27,131.24
2012-07-30,131.4
2012-07-31,131.41
2012-08-01,131.57
2012-08-02,131.5
2012-08-03,131.59
2012-08-06,131.95
2012-08-07,132.15
2012-08-08,132.04
2012-08-09,131.99
2012-08-10,131.71
2012-08-13,131.68
2012-08-14,131.86
2012-08-15,131.69
2012-08-16,131.76
2012-08-17,131.77
2012-08-20,131.73
2012-08-21,131.88
2012-08-22,131.89
2012-08-23,132.07
2012-08-24,131.96
2012-08-27,132.02
2012-08-28,131.96
2012-08-29,132.02
2012-08-30,131.95
2012-08-31,132.0
2012-09-03,132.06
2012-09-04,132.34
2012-09-05,132.36
2012-09-06,132.51
2012-09-07,132.57
2012-09-10,132.39
2012-09-11,132.49
2012-09-12,132.53
2012-09-13,132.42
2012-09-14,132.6
2012-09-17,132.5
2012-09-18,132.38
2012-09-19,132.31
2012-09-20,132.19
2012-09-21,132.33
2012-09-24,132.21
2012-09-25,132.27
2012-09-26,132.25
2012-09-27,132.31
2012-09-28,132.4
2012-10-01,132.38
2012-10-02,132.35
2012-10-03,132.48
2012-10-04,132.63
2012-10-05,132.9
2012-10-08,132.9
2012-10-09,133.06
2012-10-10,133.18
2012-10-11,133.37
2012-10-12,133.69
2012-10-15,133.85
2012-10-16,134.17
2012-10-17,134.41
2012-10-18,134.38
2012-10-19,134.44
2012-10-22,134.65
2012-10-23,134.34
2012-10-24,134.22
2012-10-25,134.36
2012-10-26,134.28
2012-10-29,134.23
2012-10-30,134.25
2012-10-31,134.37
2012-11-01,134.72
2012-11-02,134.52
2012-11-06,134.58
2012-11-07,134.54
2012-11-08,134.56
2012-11-09,134.6
2012-11-12,134.63
2012-11-13,134.58
2012-11-14,134.55
2012-11-15,134.56
2012-11-16,134.6
2012-11-19,134.99
2012-11-20,135.21
2012-11-21,135.88
2012-11-22,136.25
2012-11-23,136.25
2012-11-26,136.2
2012-11-27,136.22
2012-11-28,136.2
2012-11-29,136.59
2012-11-30,136.93
2012-12-03,137.42
2012-12-04,137.63
2012-12-05,137.62
2012-12-06,137.44
2012-12-07,137.51
2012-12-10,137.91
2012-12-11,137.92
2012-12-12,138.43
2012-12-13,138.17
2012-12-14,138.33
2012-12-17,138.26
2012-12-18,138.25
2012-12-19,138.08
2012-12-20,138.02
2012-12-21,137.99
2012-12-24,137.99
2012-12-25,137.89
2012-12-26,137.94
2012-12-27,137.93
2012-12-28,138.04
2013-01-08,137.82
2013-01-09,138.55
2013-01-10,139.82
2013-01-11,139.53
2013-01-14,139.57
2013-01-15,139.46
2013-01-16,139.08
2013-01-17,138.86
2013-01-18,139.19
2013-01-21,139.03
2013-01-22,139.09
2013-01-23,139.17
2013-01-24,139.27
2013-01-25,139.66
2013-01-28,139.65
2013-01-29,139.54
2013-01-30,139.52
2013-01-31,139.22
2013-02-01,139.17
2013-02-04,139.06
2013-02-05,138.87
2013-02-06,139.09
2013-02-07,139.05
2013-02-08,139.2
2013-02-11,139.27
2013-02-12,139.17
2013-02-13,139.22
2013-02-14,139.15
2013-02-15,139.1
2013-02-18,139.07
2013-02-19,139.03
2013-02-20,139.05
2013-02-21,138.89
2013-02-22,138.75
2013-02-25,138.84
2013-02-26,138.58
2013-02-27,138.76
2013-02-28,138.76
2013-03-01,138.65
2013-03-04,138.54
2013-03-05,138.55
2013-03-06,138.46
2013-03-07,138.35
2013-03-11,138.11
2013-03-12,137.96
2013-03-13,137.82
2013-03-14,137.61
2013-03-15,137.46
2013-03-18,137.11
2013-03-19,137.02
2013-03-20,137.21
2013-03-21,137.23
2013-03-22,137.28
2013-03-25,137.38
2013-03-26,137.28
2013-03-27,137.19
2013-03-28,137.45
2013-03-29,137.67
2013-04-01,137.51
2013-04-02,137.65
2013-04-03,137.57
2013-04-04,137.76
2013-04-05,138.51
2013-04-08,139.56
2013-04-09,139.51
2013-04-10,139.79
2013-04-11,139.85
2013-04-12,139.59
2013-04-15,138.82
2013-04-16,138.48
2013-04-17,138.81
2013-04-18,139.26
2013-04-19,139.75
2013-04-22,139.62
2013-04-23,140.12
2013-04-24,140.38
2013-04-25,140.47
2013-04-26,140.7
2013-04-29,141.09
2013-04-30,141.33
2013-05-02,141.3
2013-05-03,141.65
2013-05-06,141.64
2013-05-07,141.51
2013-05-08,141.55
2013-05-10,141.47
2013-05-13,140.71
2013-05-14,140.45
2013-05-15,140.68
2013-05-16,140.45
2013-05-17,140.6
2013-05-20,140.5
2013-05-21,139.37
2013-05-22,139.29
2013-05-23,138.36
2013-05-24,138.2
2013-05-27,138.32
2013-05-28,138.17
2013-05-29,137.48
2013-05-30,136.82
2013-05-31,136.15
2013-06-03,135.55
2013-06-04,135.83
2013-06-05,136.24
2013-06-06,135.26
2013-06-07,134.63
2013-06-10,134.11
2013-06-11,133.02
2013-06-13,133.97
2013-06-14,135.57
2013-06-17,135.26
2013-06-18,134.44
2013-06-19,134.22
2013-06-20,132.49
2013-06-21,132.35
2013-06-24,129.9
2013-06-25,130.51
2013-06-26,131.3
2013-06-27,132.81
2013-06-28,133.47
2013-07-01,133.54
2013-07-02,134.28
2013-07-03,134.11
2013-07-04,134.11
2013-07-05,133.82
2013-07-08,133.83
2013-07-09,134.54
2013-07-10,134.72
2013-07-11,134.83
2013-07-12,135.22
2013-07-15,135.44
2013-07-16,136.23
2013-07-17,136.23
2013-07-18,136.41
2013-07-19,136.38
2013-07-22,136.32
2013-07-23,136.41
2013-07-24,136.15
2013-07-25,135.54
2013-07-26,135.43
2013-07-29,134.9
2013-07-30,134.81
2013-07-31,134.5
2013-08-01,134.96
2013-08-02,134.77
2013-08-05,135.35
2013-08-06,135.23
2013-08-07,135.27
2013-08-08,135.68
2013-08-09,135.46
2013-08-12,135.49
2013-08-13,135.28
2013-08-14,135.02
2013-08-15,135.08
2013-08-16,135.0
2013-08-19,134.46
2013-08-20,134.24
2013-08-21,133.8
2013-08-22,132.72
2013-08-23,133.17
2013-08-26,133.44
2013-08-27,132.78
2013-08-28,132.5
2013-08-29,132.63
2013-08-30,133.0
2013-09-02,133.11
2013-09-03,132.95
2013-09-04,132.95
2013-09-05,132.79
2013-09-06,132.82
2013-09-09,133.1
2013-09-10,133.34
2013-09-11,134.24
2013-09-12,135.03
2013-09-13,135.21
2013-09-16,135.68
2013-09-17,135.07
2013-09-18,134.95
2013-09-19,136.35
2013-09-20,136.02
2013-09-23,135.65
2013-09-24,135.88
2013-09-25,135.22
2013-09-26,135.38
2013-09-27,135.06
2013-09-30,134.86
2013-10-01,134.89
2013-10-02,135.01
2013-10-03,135.34
2013-10-04,135.34
2013-10-07,135.26
2013-10-08,134.99
2013-10-09,135.06
2013-10-10,134.8
2013-10-11,134.99
2013-10-14,135.03
2013-10-15,134.68
2013-10-16,134.92
2013-10-17,135.27
2013-10-18,135.55
2013-10-21,135.46
2013-10-22,135.76
2013-10-23,135.89
2013-10-24,135.86
2013-10-25,135.61
2013-10-28,135.77
2013-10-29,135.63
2013-10-30,135.96
2013-10-31,135.9
2013-11-01,135.55
2013-11-05,135.48
2013-11-06,135.43
2013-11-07,135.33
2013-11-08,134.88
2013-11-11,134.41
2013-11-12,133.95
2013-11-13,133.93
2013-11-14,133.99
2013-11-15,134.02
2013-11-18,134.08
2013-11-19,133.96
2013-11-20,133.79
2013-11-21,133.46
2013-11-22,133.71
2013-11-25,133.57
2013-11-26,133.15
2013-11-27,132.87
2013-11-28,132.42
2013-11-29,132.23
2013-12-02,132.24
2013-12-03,132.02
2013-12-04,132.38
2013-12-05,132.41
2013-12-06,132.7
2013-12-09,133.02
2013-12-10,133.26
2013-12-11,133.41
2013-12-12,133.31
2013-12-13,133.21
2013-12-16,133.05
2013-12-17,132.99
2013-12-18,133.08
2013-12-19,133.18
2013-12-20,133.19
2013-12-23,133.31
2013-12-24,133.25
2013-12-25,133.24
2013-12-26,133.1
2013-12-27,133.17
2013-12-30,133.27
2014-01-06,133.25
2014-01-08,133.28
2014-01-09,133.02
2014-01-10,132.91
2014-01-13,132.98
2014-01-14,133.02
2014-01-15,133.17
2014-01-16,132.82
2014-01-17,132.78
2014-01-20,132.82
2014-01-21,132.76
2014-01-22,132.43
2014-01-23,132.43
2014-01-24,132.26
2014-01-27,131.29
2014-01-28,131.52
2014-01-29,131.08
2014-01-30,130.17
2014-01-31,130.19
2014-02-03,130.19
2014-02-04,130.68
2014-02-05,131.13
2014-02-06,131.37
2014-02-07,131.42
2014-02-10,131.45
2014-02-11,131.4
2014-02-12,131.45
2014-02-13,131.2
2014-02-14,131.13
2014-02-17,131.21
2014-02-18,131.0
2014-02-19,130.33
2014-02-20,130.2
2014-02-21,130.23
2014-02-24,130.45
2014-02-25,130.45
2014-02-26,129.78
2014-02-27,129.85
2014-02-28,129.87
2014-03-03,128.17
2014-03-04,127.87
2014-03-05,128.27
2014-03-06,127.75
2014-03-07,127.36
2014-03-11,126.87
2014-03-12,125.06
2014-03-13,124.25
2014-03-14,123.4
2014-03-17,124.39
2014-03-18,124.66
2014-03-19,124.9
2014-03-20,124.71
2014-03-21,124.22
2014-03-24,124.4
2014-03-25,125.15
2014-03-26,125.96
2014-03-27,125.67
2014-03-28,125.74
2014-03-31,126.83
2014-04-01,127.51
2014-04-02,126.38
2014-04-03,126.41
2014-04-04,126.89
2014-04-07,126.61
2014-04-08,126.82
2014-04-09,126.9
2014-04-10,127.14
2014-04-11,127.2
2014-04-14,126.47
2014-04-15,126.4
2014-04-16,125.8
2014-04-17,126.02
2014-04-18,126.78
2014-04-21,126.8
2014-04-22,126.74
2014-04-23,126.1
2014-04-24,126.22
2014-04-25,124.37
2014-04-28,123.63
2014-04-29,124.06
2014-04-30,124.35
2014-05-02,124.66
2014-05-05,124.28
2014-05-06,124.25
2014-05-07,125.03
2014-05-08,125.94
2014-05-12,125.91
2014-05-13,125.9
2014-05-14,125.91
2014-05-15,126.17
2014-05-16,125.91
2014-05-19,125.94
2014-05-20,126.22
2014-05-21,126.73
2014-05-22,126.81
2014-05-23,127.05
2014-05-26,127.39
2014-05-27,127.01
2014-05-28,126.82
2014-05-29,127.23
2014-05-30,127.38
2014-06-02,127.56
2014-06-03,127.43
2014-06-04,127.6
2014-06-05,127.94
2014-06-06,128.22
2014-06-09,128.52
2014-06-10,128.38
2014-06-11,128.26
2014-06-16,127.6
2014-06-17,127.43
2014-06-18,127.63
2014-06-19,127.96
2014-06-20,128.14
2014-06-23,128.22
2014-06-24,128.38
2014-06-25,128.5
2014-06-26,128.66
2014-06-27,128.78
2014-06-30,128.5
2014-07-01,128.48
2014-07-02,128.44
2014-07-03,128.46
2014-07-04,128.42
2014-07-07,128.22
2014-07-08,128.34
2014-07-09,128.31
2014-07-10,128.02
2014-07-11,127.75
2014-07-14,127.65
2014-07-15,127.5
2014-07-16,127.57
2014-07-17,126.28
2014-07-18,125.88
2014-07-21,125.52
2014-07-22,125.68
2014-07-23,126.02
2014-07-24,125.75
2014-07-25,124.74
2014-07-28,124.17
2014-07-29,123.65
2014-07-30,123.64
2014-07-31,123.75
2014-08-01,123.21
2014-08-04,123.01
2014-08-05,122.41
2014-08-06,121.94
2014-08-07,121.71
2014-08-08,121.74
2014-08-11,122.91
2014-08-12,123.3
2014-08-13,123.46
2014-08-14,124.11
2014-08-15,124.43
2014-08-18,124.42
2014-08-19,123.9
2014-08-20,123.98
2014-08-21,124.03
2014-08-22,124.18
2014-08-25,124.07
2014-08-26,124.28
2014-08-27,124.25
2014-08-28,123.2
2014-08-29,122.47
2014-09-01,121.67
2014-09-02,121.85
2014-09-03,122.82
2014-09-04,123.62
2014-09-05,123.73
2014-09-08,123.29
2014-09-09,123.55
2014-09-10,122.96
2014-09-11,122.72
2014-09-12,122.75
2014-09-15,122.58
2014-09-16,122.47
2014-09-17,123.03
2014-09-18,123.37
2014-09-19,123.19
2014-09-22,123.42
2014-09-23,124.07
2014-09-24,124.44
2014-09-25,124.75
2014-09-26,124.32
2014-09-29,124.32
2014-09-30,124.42
2014-10-01,124.12
2014-10-02,124.26
2014-10-03,123.76
2014-10-06,123.39
2014-10-07,123.38
2014-10-08,122.95
2014-10-09,122.9
2014-10-10,122.32
2014-10-13,122.61
2014-10-14,122.01
2014-10-15,122.03
2014-10-16,122.0
2014-10-17,122.01
2014-10-20,122.26
2014-10-21,122.15
2014-10-22,122.35
2014-10-23,122.02
2014-10-24,121.85
2014-10-27,121.81
2014-10-28,121.45
2014-10-29,121.04
2014-10-30,120.9
2014-10-31,121.22
2014-11-03,121.04
2014-11-05,121.07
2014-11-06,121.03
2014-11-07,120.59
2014-11-10,121.25
2014-11-11,120.78
2014-11-12,120.58
2014-11-13,120.52
2014-11-14,120.02
2014-11-17,120.0
2014-11-18,119.78
2014-11-19,119.68
2014-11-20,119.75
2014-11-21,120.07
2014-11-24,120.42
2014-11-25,119.72
2014-11-26,119.4
2014-11-27,119.34
2014-11-28,118.76
2014-12-01,116.98
2014-12-02,117.54
2014-12-03,116.49
2014-12-04,116.43
2014-12-05,114.27
2014-12-08,111.44
2014-12-09,108.95
2014-12-10,110.38
2014-12-11,110.69
2014-12-12,108.91
2014-12-15,107.43
2014-12-16,97.86
2014-12-17,102.75
2014-12-18,104.97
2014-12-19,104.01
2014-12-22,106.62
2014-12-23,105.52
2014-12-24,105.27
2014-12-25,105.25
2014-12-26,106.16
2014-12-29,105.05
2014-12-30,105.36
2015-01-05,104.98
2015-01-06,104.54
2015-01-08,103.7
2015-01-09,104.47
2015-01-12,101.47
2015-01-13,99.17
2015-01-14,99.49
2015-01-15,102.43
2015-01-16,103.61
2015-01-19,103.5
2015-01-20,103.7
2015-01-21,103.65
2015-01-22,104.14
2015-01-23,105.02
2015-01-26,103.59
2015-01-27,103.38
2015-01-28,103.82
2015-01-29,103.22
2015-01-30,104.87
2015-02-02,105.82
2015-02-03,107.13
2015-02-04,106.63
2015-02-05,107.29
2015-02-06,108.54
2015-02-09,108.79
2015-02-10,108.6
2015-02-11,108.47
2015-02-12,108.65
2015-02-13,109.58
2015-02-16,111.07
2015-02-17,111.39
2015-02-18,112.17
2015-02-19,112.02
2015-02-20,110.87
2015-02-24,108.89
2015-02-25,108.75
2015-02-26,108.8
2015-02-27,107.78
2015-03-02,106.7
2015-03-03,107.07
2015-03-04,108.08
2015-03-05,108.84
2015-03-06,109.35
2015-03-10,109.1
2015-03-11,109.01
2015-03-12,109.29
2015-03-13,109.46
2015-03-16,108.64
2015-03-17,108.46
2015-03-18,108.7
2015-03-19,108.79
2015-03-20,109.65
2015-03-23,110.42
2015-03-24,110.98
2015-03-25,112.27
2015-03-26,113.73
2015-03-27,113.82
2015-03-30,113.65
2015-03-31,112.87
2015-04-01,113.74
2015-04-02,114.23
2015-04-03,114.09
2015-04-06,114.25
2015-04-07,114.44
2015-04-08,114.78
2015-04-09,115.78
2015-04-10,116.95
2015-04-13,117.21
2015-04-14,117.29
2015-04-15,119.03
2015-04-16,119.26
2015-04-17,118.51
2015-04-20,117.98
2015-04-21,117.36
2015-04-22,116.74
2015-04-23,116.78
2015-04-24,117.39
2015-04-27,117.33
2015-04-28,117.12
2015-04-29,117.87
2015-04-30,119.02
2015-05-05,119.86
2015-05-06,120.4
2015-05-07,120.39
2015-05-08,120.15
2015-05-12,119.89
2015-05-13,119.98
2015-05-14,119.79
2015-05-15,119.76
2015-05-18,120.0
2015-05-19,120.18
2015-05-20,119.85
2015-05-21,120.44
2015-05-22,120.57
2015-05-25,120.65
2015-05-26,120.23
2015-05-27,119.78
2015-05-28,119.64
2015-05-29,119.74
2015-06-01,119.54
2015-06-02,119.8
2015-06-03,119.66
2015-06-04,118.73
2015-06-05,118.27
2015-06-08,118.4
2015-06-09,118.7
2015-06-10,119.37
2015-06-11,119.46
2015-06-15,119.43
2015-06-16,118.81
2015-06-17,118.58
2015-06-18,118.54
2015-06-19,118.46
2015-06-22,118.96
2015-06-23,118.83
2015-06-24,119.32
2015-06-25,118.83
2015-06-26,118.53
2015-06-29,118.11
2015-06-30,118.48
2015-07-01,118.73
2015-07-02,118.66
2015-07-03,118.7
2015-07-06,118.35
2015-07-07,117.86
2015-07-08,118.02
2015-07-09,118.43
2015-07-10,118.98
2015-07-13,119.19
2015-07-14,119.34
2015-07-15,120.13
2015-07-16,120.76
2015-07-17,121.82
2015-07-20,121.43
2015-07-21,120.95
2015-07-22,121.12
2015-07-23,120.77
2015-07-24,120.49
2015-07-27,119.7
2015-07-28,118.81
2015-07-29,120.12
2015-07-30,120.24
2015-07-31,120.15
2015-08-03,119.79
2015-08-04,119.71
2015-08-05,119.86
2015-08-06,119.48
2015-08-07,119.34
2015-08-10,119.4
2015-08-11,119.41
2015-08-12,119.19
2015-08-13,119.27
2015-08-14,119.11
2015-08-17,118.84
2015-08-18,118.68
2015-08-19,118.68
2015-08-20,117.44
2015-08-21,116.37
2015-08-24,114.61
2015-08-25,115.53
2015-08-26,115.9
2015-08-27,116.45
2015-08-28,116.44
2015-08-31,116.66
2015-09-01,116.6
2015-09-02,116.34
2015-09-03,116.45
2015-09-04,116.82
2015-09-07,116.29
2015-09-08,116.44
2015-09-09,116.71
2015-09-10,116.62
2015-09-11,116.73
2015-09-14,116.82
2015-09-15,117.32
2015-09-16,117.81
2015-09-17,117.85
2015-09-18,117.94
2015-09-21,118.54
2015-09-22,118.73
2015-09-23,118.69
2015-09-24,118.45
2015-09-25,118.62
2015-09-28,118.43
2015-09-29,118.48
2015-09-30,118.86
2015-10-01,119.32
2015-10-02,119.11
2015-10-05,119.73
2015-10-06,120.68
2015-10-07,122.05
2015-10-08,121.65
2015-10-09,122.43
2015-10-12,122.16
2015-10-13,121.97
2015-10-14,122.16
2015-10-15,122.92
2015-10-16,123.52
2015-10-19,123.79
2015-10-20,123.66
2015-10-21,123.58
2015-10-22,123.86
2015-10-23,124.48
2015-10-26,124.46
2015-10-27,124.19
2015-10-28,124.44
2015-10-29,124.31
2015-10-30,124.23
2015-11-02,124.25
2015-11-03,124.98
2015-11-05,125.93
2015-11-06,125.41
2015-11-09,125.35
2015-11-10,125.59
2015-11-11,126.27
2015-11-12,125.46
2015-11-13,125.19
2015-11-16,125.08
2015-11-17,125.52
2015-11-18,125.81
2015-11-19,126.11
2015-11-20,126.91
2015-11-23,126.1
2015-11-24,125.36
2015-11-25,125.2
2015-11-26,125.63
2015-11-27,125.3
2015-11-30,125.55
2015-12-01,125.75
2015-12-02,125.81
2015-12-03,125.63
2015-12-04,125.65
2015-12-07,125.23
2015-12-08,124.91
2015-12-09,125.03
2015-12-10,125.32
2015-12-11,125.33
2015-12-14,124.58
2015-12-15,124.85
2015-12-16,124.56
2015-12-17,125.07
2015-12-18,125.16
2015-12-21,125.09
2015-12-22,124.98
2015-12-23,124.92
2015-12-24,125.34
2015-12-25,125.59
2015-12-28,125.66
2015-12-29,125.97
2015-12-30,126.13
2016-01-04,126.32
2016-01-05,126.65
2016-01-06,126.74
2016-01-11,125.05
2016-01-12,123.54
2016-01-13,123.43
2016-01-14,122.89
2016-01-15,122.39
2016-01-18,121.92
2016-01-19,122.78
2016-01-20,121.78
2016-01-21,121.02
2016-01-22,122.2
2016-01-25,122.44
2016-01-26,122.71
2016-01-27,123.46
2016-01-28,124.5
2016-01-29,124.3
2016-02-01,123.84
2016-02-02,123.28
2016-02-03,123.65
2016-02-04,124.18
2016-02-05,124.03
2016-02-08,123.99
2016-02-09,123.52
2016-02-10,123.74
2016-02-11,123.74
2016-02-12,123.65
2016-02-15,124.4
2016-02-16,124.26
2016-02-17,124.29
2016-02-18,124.98
2016-02-19,125.22
2016-02-20,125.26
2016-02-22,125.5
2016-02-24,125.59
2016-02-25,126.44
2016-02-26,126.9
2016-02-29,126.87
2016-03-01,127.78
2016-03-02,128.27
2016-03-03,128.43
2016-03-04,128.83
2016-03-07,129.0
2016-03-09,129.02
2016-03-10,128.89
2016-03-11,128.6
2016-03-14,128.14
2016-03-15,127.94
2016-03-16,128.02
2016-03-17,129.05
2016-03-18,129.79
2016-03-21,129.68
2016-03-22,129.72
2016-03-23,129.53
2016-03-24,128.76
2016-03-25,129.2
2016-03-28,129.16
2016-03-29,128.9
2016-03-30,129.37
2016-03-31,129.42
2016-04-01,129.57
2016-04-04,129.47
2016-04-05,129.17
2016-04-06,129.19
2016-04-07,128.85
2016-04-08,129.0
2016-04-11,129.16
2016-04-12,129.28
2016-04-13,129.28
2016-04-14,129.18
2016-04-15,129.22
2016-04-18,129.01
2016-04-19,129.47
2016-04-20,129.67
2016-04-21,129.67
2016-04-22,129.47
2016-04-25,129.29
2016-04-26,129.28
2016-04-27,129.42
2016-04-28,129.79
2016-04-29,130.41
2016-05-04,130.2
2016-05-05,130.28
2016-05-06,130.29
2016-05-10,130.21
2016-05-11,130.63
2016-05-12,130.92
2016-05-13,130.95
2016-05-16,131.13
2016-05-17,131.01
2016-05-18,130.83
2016-05-19,129.98
2016-05-20,130.61
2016-05-23,130.52
2016-05-24,130.54
2016-05-25,130.79
2016-05-26,130.66
2016-05-27,130.55
2016-05-30,130.57
2016-05-31,130.6
2016-06-01,130.33
2016-06-02,130.03
2016-06-03,130.21
2016-06-06,130.99
2016-06-07,131.28
2016-06-08,131.42
2016-06-09,131.07
2016-06-10,131.64
2016-06-14,131.14
2016-06-15,131.23
2016-06-16,131.13
2016-06-17,131.3
2016-06-20,131.7
2016-06-21,131.82
2016-06-22,131.91
2016-06-23,132.02
2016-06-24,131.33
2016-06-27,132.01
2016-06-28,132.26
2016-06-29,132.5
2016-06-30,132.78
2016-07-01,133.31
2016-07-04,132.98
2016-07-05,132.64
2016-07-06,132.31
2016-07-07,132.64
2016-07-08,132.31
2016-07-11,132.41
2016-07-12,132.68
2016-07-13,132.49
2016-07-14,132.69
2016-07-15,132.63
2016-07-18,132.37
2016-07-19,132.35
2016-07-20,132.3
2016-07-21,132.22
2016-07-22,132.02
2016-07-25,132.1
2016-07-26,131.9
2016-07-27,132.05
2016-07-28,132.23
2016-07-29,132.51
2016-08-01,132.68
2016-08-02,132.52
2016-08-03,132.33
2016-08-04,132.47
2016-08-05,132.96
2016-08-08,133.02
2016-08-09,133.2
2016-08-10,133.42
2016-08-11,133.34
2016-08-12,133.26
2016-08-15,133.25
2016-08-16,133.29
2016-08-17,133.12
2016-08-18,133.27
2016-08-19,133.54
2016-08-22,133.2
2016-08-23,133.34
2016-08-24,133.29
2016-08-25,133.45
2016-08-26,133.57
2016-08-29,133.58
2016-08-30,133.7
2016-08-31,133.91
2016-09-01,134.08
2016-09-02,134.33
2016-09-05,134.58
2016-09-06,134.7
2016-09-07,135.2
2016-09-08,135.58
2016-09-09,135.26
2016-09-12,134.9
2016-09-13,134.98
2016-09-14,134.88
2016-09-15,134.99
2016-09-16,134.54
2016-09-19,134.14
2016-09-20,133.68
2016-09-21,134.38
2016-09-22,134.85
2016-09-23,134.56
2016-09-26,134.35
2016-09-27,134.31
2016-09-28,134.26
2016-09-29,134.66
2016-09-30,134.56
2016-10-03,135.07
2016-10-04,134.95
2016-10-05,134.74
2016-10-06,134.41
2016-10-07,134.18
2016-10-10,134.01
2016-10-11,133.84
2016-10-12,133.7
2016-10-13,133.37
2016-10-14,133.55
2016-10-17,133.09
2016-10-18,132.88
2016-10-19,133.39
2016-10-20,133.47
2016-10-21,133.67
2016-10-24,133.71
2016-10-25,133.56
2016-10-26,133.41
2016-10-27,133.15
2016-10-28,132.83
2016-10-31,132.77
2016-11-01,132.76
2016-11-02,132.47
2016-11-03,132.53
2016-11-07,133.03
2016-11-08,133.3
2016-11-09,133.16
2016-11-10,132.77
2016-11-11,131.72
2016-11-14,131.48
2016-11-15,131.99
2016-11-16,131.79
2016-11-17,132.04
2016-11-18,132.01
2016-11-21,132.29
2016-11-22,132.37
2016-11-23,132.04
2016-11-24,132.09
2016-11-25,131.81
2016-11-28,131.85
2016-11-29,131.8
2016-11-30,131.74
2016-12-01,132.08
2016-12-02,132.14
2016-12-05,132.26
2016-12-06,132.48
2016-12-07,132.91
2016-12-08,133.19
2016-12-09,133.47
2016-12-12,133.94
2016-12-13,133.95
2016-12-14,134.21
2016-12-15,133.92
2016-12-16,134.03
2016-12-19,134.0
2016-12-20,134.01
2016-12-21,133.94
2016-12-22,134.04
2016-12-23,134.22
2016-12-26,134.09
2016-12-27,134.25
2016-12-28,134.36
2016-12-29,134.74
2016-12-30,134.72
2017-01-03,134.89
2017-01-04,135.31
2017-01-05,135.33
2017-01-06,135.47
2017-01-09,135.62
2017-01-10,135.99
2017-01-11,136.05
2017-01-12,136.41
2017-01-13,136.51
2017-01-16,136.37
2017-01-17,136.54
2017-01-18,136.42
2017-01-19,136.18
2017-01-20,136.28
2017-01-23,136.25
2017-01-24,136.09
2017-01-25,135.68
2017-01-26,135.0
2017-01-27,135.49
2017-01-30,135.68
2017-01-31,135.69
2017-02-01,135.82
2017-02-02,136.07
2017-02-03,136.0
2017-02-06,135.94
2017-02-07,135.68
2017-02-08,135.64
2017-02-09,135.73
2017-02-10,135.87
2017-02-13,135.97
2017-02-14,135.94
2017-02-15,135.61
2017-02-16,135.36
2017-02-17,134.95
2017-02-20,135.04
2017-02-21,135.1
2017-02-22,134.95
2017-02-24,135.09
2017-02-27,134.92
2017-02-28,134.71
2017-03-01,134.8
2017-03-02,134.52
2017-03-03,134.75
2017-03-06,135.03
2017-03-07,135.16
2017-03-09,135.0
2017-03-10,135.33
2017-03-13,135.48
2017-03-14,135.56
2017-03-15,135.86
2017-03-16,136.22
2017-03-17,136.32
2017-03-20,136.49
2017-03-21,136.5
2017-03-22,136.21
2017-03-23,136.32
2017-03-24,136.51
2017-03-27,136.52
2017-03-28,136.53
2017-03-29,136.49
2017-03-30,136.84
2017-03-31,136.77
2017-04-03,136.7
2017-04-04,136.58
2017-04-05,136.94
2017-04-06,137.06
2017-04-07,136.84
2017-04-10,136.43
2017-04-11,136.4
2017-04-12,136.16
2017-04-13,136.3
2017-04-14,136.53
2017-04-17,136.6
2017-04-18,136.53
2017-04-19,136.79
2017-04-20,137.04
2017-04-21,137.65
2017-04-24,138.17
2017-04-25,138.0
2017-04-26,137.92
2017-04-27,137.85
2017-04-28,138.34
2017-05-02,138.45
2017-05-03,138.5
2017-05-04,138.14
2017-05-05,137.57
2017-05-10,137.96
2017-05-11,138.47
2017-05-12,138.58
2017-05-15,138.68
2017-05-16,138.6
2017-05-17,138.38
2017-05-18,138.0
2017-05-19,138.51
2017-05-22,138.7
2017-05-23,138.67
2017-05-24,138.48
2017-05-25,138.4
2017-05-26,138.07
2017-05-29,138.19
2017-05-30,138.09
2017-05-31,138.0
2017-06-01,138.21
2017-06-02,138.39
2017-06-05,138.43
2017-06-06,138.4
2017-06-07,138.49
2017-06-08,138.33
2017-06-09,138.53
2017-06-13,138.65
2017-06-14,138.51
2017-06-15,138.11
2017-06-16,137.69
2017-06-19,137.18
2017-06-20,137.2
2017-06-21,137.33
2017-06-22,137.54
2017-06-23,137.85
2017-06-26,138.11
2017-06-27,137.98
2017-06-28,137.76
2017-06-29,137.86
2017-06-30,137.82
2017-07-03,137.84
2017-07-04,137.89
2017-07-05,137.54
2017-07-06,137.19
2017-07-07,136.94
2017-07-10,137.15
2017-07-11,136.97
2017-07-12,137.21
2017-07-13,137.37
2017-07-14,137.63
2017-07-17,137.71
2017-07-18,137.67
2017-07-19,137.61
2017-07-20,137.62
2017-07-21,137.86
2017-07-24,137.24
2017-07-25,137.26
2017-07-26,137.42
2017-07-27,137.72
2017-07-28,137.68
2017-07-31,137.6
2017-08-01,137.61
2017-08-02,137.52
2017-08-03,137.7
2017-08-04,138.05
2017-08-07,138.2
2017-08-08,138.04
2017-08-09,138.04
2017-08-10,138.19
2017-08-11,138.09
2017-08-14,138.32
2017-08-15,138.25
2017-08-16,138.29
2017-08-17,138.36
2017-08-18,138.4
2017-08-21,138.4
2017-08-22,138.38
2017-08-23,138.45
2017-08-24,138.44
2017-08-25,138.41
2017-08-28,138.43
2017-08-29,138.25
2017-08-30,138.37
2017-08-31,138.62
2017-09-01,139.06
2017-09-04,139.12
2017-09-05,139.32
2017-09-06,139.88
2017-09-07,140.02
2017-09-08,140.01
2017-09-11,139.98
2017-09-12,139.87
2017-09-13,139.84
2017-09-14,139.91
2017-09-15,139.96
2017-09-18,139.84
2017-09-19,139.73
2017-09-20,139.88
2017-09-21,139.79
2017-09-22,139.86
2017-09-25,139.79
2017-09-26,139.58
2017-09-27,139.12
2017-09-28,139.48
2017-09-29,139.66
2017-10-02,139.54
2017-10-03,139.5
2017-10-04,139.69
2017-10-05,139.98
2017-10-06,139.94
2017-10-09,139.82
2017-10-10,140.0
2017-10-11,140.24
2017-10-12,140.46
2017-10-13,140.7
2017-10-16,140.62
2017-10-17,140.43
2017-10-18,140.58
2017-10-19,140.59
2017-10-20,140.53
2017-10-23,140.53
2017-10-24,140.47
2017-10-25,140.43
2017-10-26,140.37
2017-10-27,140.1
2017-10-30,140.24
2017-10-31,140.16
2017-11-01,140.21
2017-11-02,140.22
2017-11-03,140.14
2017-11-07,140.13
2017-11-08,139.91
2017-11-09,139.91
2017-11-10,139.9
2017-11-13,139.6
2017-11-14,139.49
2017-11-15,139.54
2017-11-16,139.72
2017-11-17,139.9
2017-11-20,139.86
2017-11-21,139.83
2017-11-22,140.03
2017-11-23,140.17
2017-11-24,140.18
2017-11-27,140.26
2017-11-28,140.37
2017-11-29,140.47
2017-11-30,140.38
2017-12-01,140.51
2017-12-04,140.41
2017-12-05,140.56
2017-12-06,140.57
2017-12-07,140.66
2017-12-08,140.7
2017-12-11,140.72
2017-12-12,140.77
2017-12-13,140.69
2017-12-14,140.74
2017-12-15,141.03
2017-12-18,141.09
2017-12-19,141.15
2017-12-20,141.33
2017-12-21,141.36
2017-12-22,141.35
2017-12-25,141.43
2017-12-26,141.4
2017-12-27,141.41
2017-12-28,141.44
2017-12-29,141.49
2018-01-03,141.77
2018-01-04,141.91
2018-01-05,141.96
2018-01-09,142.07
2018-01-10,142.33
2018-01-11,142.04
2018-01-12,142.2
2018-01-15,142.45
2018-01-16,142.35
2018-01-17,142.13
2018-01-18,142.24
2018-01-19,142.31
2018-01-22,142.34
2018-01-23,142.28
2018-01-24,142.44
2018-01-25,142.54
2018-01-26,142.34
2018-01-29,142.2
2018-01-30,142.67
2018-01-31,143.13
2018-02-01,143.25
2018-02-02,143.39
2018-02-05,143.44
2018-02-06,143.31
2018-02-07,143.86
2018-02-08,143.71
2018-02-09,143.83
2018-02-12,143.88
2018-02-13,143.86
2018-02-14,143.93
2018-02-15,144.09
2018-02-16,144.49
2018-02-19,144.55
2018-02-20,144.41
2018-02-21,144.58
2018-02-22,144.57
2018-02-26,145.04
2018-02-27,144.77
2018-02-28,144.72
2018-03-01,144.61
2018-03-02,144.46
2018-03-05,144.47
2018-03-06,144.62
2018-03-07,144.71
2018-03-09,144.86
2018-03-12,144.72
2018-03-13,144.71
2018-03-14,144.66
2018-03-15,144.41
2018-03-16,144.37
2018-03-19,144.38
2018-03-20,144.6
2018-03-21,144.9
2018-03-22,145.15
2018-03-23,145.24
2018-03-26,145.12
2018-03-27,144.94
2018-03-28,144.86
2018-03-29,144.89
2018-03-30,144.98
2018-04-02,145.01
2018-04-03,144.86
2018-04-04,144.9
2018-04-05,144.94
2018-04-06,144.82
2018-04-09,143.71
2018-04-10,141.65
2018-04-11,141.17
2018-04-12,142.5
2018-04-13,142.15
2018-04-16,141.82
2018-04-17,142.37
2018-04-18,142.49
2018-04-19,142.88
2018-04-20,142.89
2018-04-23,142.83
2018-04-24,143.09
2018-04-25,142.99
2018-04-26,142.78
2018-04-27,143.02
2018-04-30,143.14
2018-05-02,143.12
2018-05-03,142.84
2018-05-04,142.77
2018-05-07,142.78
2018-05-08,142.69
2018-05-10,142.72
2018-05-11,142.86
2018-05-14,142.72
2018-05-15,142.65
2018-05-16,142.46
2018-05-17,142.54
2018-05-18,142.5
2018-05-21,142.38
2018-05-22,142.52
2018-05-23,142.64
2018-05-24,142.83
2018-05-25,142.75
2018-05-28,142.7
2018-05-29,142.57
2018-05-30,142.6
2018-05-31,142.55
2018-06-01,142.62
2018-06-04,142.72
2018-06-05,142.51
2018-06-06,142.43
2018-06-07,142.12
2018-06-08,141.63
2018-06-09,141.67
2018-06-11,141.72
2018-06-13,141.38
2018-06-14,141.44
2018-06-15,141.01
2018-06-18,139.64
2018-06-19,138.8
2018-06-20,139.9
2018-06-21,140.0
2018-06-22,140.16
2018-06-25,140.21
2018-06-26,139.96
2018-06-27,139.46
2018-06-28,139.54
2018-06-29,139.98
2018-07-02,140.03
2018-07-03,139.94
2018-07-04,139.92
2018-07-05,140.03
2018-07-06,140.09
2018-07-09,140.35
2018-07-10,140.53
2018-07-11,140.63
2018-07-12,140.83
2018-07-13,140.9
2018-07-16,140.87
2018-07-17,140.38
2018-07-18,140.04
2018-07-19,139.8
2018-07-20,139.86
2018-07-23,139.84
2018-07-24,139.81
2018-07-25,139.53
2018-07-26,139.61
2018-07-27,139.45
2018-07-30,139.56
2018-07-31,139.72
2018-08-01,139.67
2018-08-02,139.14
2018-08-03,138.82
2018-08-06,138.68
2018-08-07,138.57
2018-08-08,137.72
2018-08-09,136.69
2018-08-10,136.18
2018-08-13,135.61
2018-08-14,135.55
2018-08-15,135.14
2018-08-16,134.73
2018-08-17,134.17
2018-08-20,133.86
2018-08-21,134.16
2018-08-22,134.44
2018-08-23,133.97
2018-08-24,134.09
2018-08-27,134.08
2018-08-28,134.11
2018-08-29,133.96
2018-08-30,133.83
2018-08-31,134.05
2018-09-03,134.16
2018-09-04,133.63
2018-09-05,132.83
2018-09-06,131.97
2018-09-07,131.11
2018-09-10,130.52
2018-09-11,131.72
2018-09-12,132.92
2018-09-13,133.47
2018-09-14,133.12
2018-09-17,132.7
2018-09-18,133.17
2018-09-19,133.77
2018-09-20,134.06
2018-09-21,134.14
2018-09-24,134.47
2018-09-25,134.41
2018-09-26,134.41
2018-09-27,134.65
2018-09-28,135.09
2018-10-01,135.21
2018-10-02,135.36
2018-10-03,135.04
2018-10-04,134.25
2018-10-05,133.87
2018-10-08,133.19
2018-10-09,133.1
2018-10-10,133.34
2018-10-11,133.06
2018-10-12,133.43
2018-10-15,133.76
2018-10-16,134.46
2018-10-17,134.49
2018-10-18,134.31
2018-10-19,134.28
2018-10-22,134.79
2018-10-23,134.68
2018-10-24,134.46
2018-10-25,134.26
2018-10-26,134.2
2018-10-29,134.43
2018-10-30,134.3
2018-10-31,134.3
2018-11-01,134.25
2018-11-02,134.31
2018-11-06,134.22
2018-11-07,134.06
2018-11-08,133.47
2018-11-09,132.77
2018-11-12,132.32
2018-11-13,132.5
2018-11-14,133.69
2018-11-15,133.71
2018-11-16,134.76
2018-11-19,134.0
2018-11-20,133.76
2018-11-21,133.74
2018-11-22,133.82
2018-11-23,133.49
2018-11-26,132.74
2018-11-27,133.25
2018-11-28,133.27
2018-11-29,133.87
2018-11-30,133.95
2018-12-03,134.39
2018-12-04,134.3
2018-12-05,133.89
2018-12-06,133.74
2018-12-07,133.94
2018-12-10,134.08
2018-12-11,133.93
2018-12-12,133.95
2018-12-13,133.94
2018-12-14,133.81
2018-12-17,133.71
2018-12-18,133.5
2018-12-19,133.34
2018-12-20,133.83
2018-12-21,133.68
2018-12-24,133.87
2018-12-25,133.64
2018-12-26,133.77
2018-12-27,134.09
2018-12-28,134.18
2018-12-29,134.31
2019-01-03,134.41
2019-01-04,134.52
2019-01-08,134.59
2019-01-09,135.27
2019-01-10,135.54
2019-01-11,135.94
2019-01-14,135.81
2019-01-15,136.15
2019-01-16,136.51
2019-01-17,136.32
2019-01-18,136.4
2019-01-21,136.46
2019-01-22,136.28
2019-01-23,136.26
2019-01-24,136.44
2019-01-25,136.41
2019-01-28,136.29
2019-01-29,136.11
2019-01-30,136.31
2019-01-31,137.15
2019-02-01,137.12
2019-02-04,137.05
2019-02-05,137.19
2019-02-06,137.26
2019-02-07,136.97
2019-02-08,136.94
2019-02-11,136.96
2019-02-12,136.76
2019-02-13,136.56
2019-02-14,135.54
2019-02-15,136.12
2019-02-18,136.24
2019-02-19,136.07
2019-02-20,135.99
2019-02-21,136.14
2019-02-22,136.18
2019-02-25,136.45
2019-02-26,136.28
2019-02-27,136.13
2019-02-28,136.21
2019-03-01,136.4
2019-03-04,136.4
2019-03-05,136.29
2019-03-06,136.17
2019-03-07,136.24
2019-03-11,136.3
2019-03-12,136.34
2019-03-13,136.4
2019-03-14,136.41
2019-03-15,136.44
2019-03-18,136.92
2019-03-19,137.21
2019-03-20,137.02
2019-03-21,137.69
2019-03-22,137.41
2019-03-25,137.54
2019-03-26,137.53
2019-03-27,137.25
2019-03-28,136.8
2019-03-29,136.78
2019-04-01,136.47
2019-04-02,136.43
2019-04-03,136.44
2019-04-04,136.37
2019-04-05,136.61
2019-04-08,136.75
2019-04-09,137.03
2019-04-10,137.14
2019-04-11,137.36
2019-04-12,137.42
2019-04-15,137.27
2019-04-16,137.17
2019-04-17,137.27
2019-04-18,137.09
2019-04-19,137.13
2019-04-22,137.14
2019-04-23,136.98
2019-04-24,136.98
2019-04-25,136.85
2019-04-26,136.97
2019-04-29,137.33
2019-04-30,137.62
2019-05-02,137.74
2019-05-03,137.69
2019-05-06,137.52
2019-05-07,137.57
2019-05-08,137.65
2019-05-10,137.61
2019-05-13,137.55
2019-05-14,137.57
2019-05-15,137.73
2019-05-16,138.06
2019-05-17,138.29
2019-05-20,138.57
2019-05-21,138.71
2019-05-22,139.33
2019-05-23,139.13
2019-05-24,139.15
2019-05-27,139.15
2019-05-28,139.11
2019-05-29,138.93
2019-05-30,139.23
2019-05-31,139.25
2019-06-03,139.15
2019-06-04,139.38
2019-06-05,139.8
2019-06-06,140.13
2019-06-07,140.35
2019-06-10,140.57
2019-06-11,140.67
2019-06-13,140.56
2019-06-14,140.77
2019-06-17,141.01
2019-06-18,141.13
2019-06-19,141.81
2019-06-20,142.55
2019-06-21,142.13
2019-06-24,142.26
2019-06-25,142.31
2019-06-26,142.06
2019-06-27,142.02
2019-06-28,142.19
2019-07-01,142.46
2019-07-02,142.44
2019-07-03,142.39
2019-07-04,142.61
2019-07-05,142.67
2019-07-08,142.56
2019-07-09,142.69
2019-07-10,142.84
2019-07-11,142.99
2019-07-12,142.71
2019-07-15,142.66
2019-07-16,142.63
2019-07-17,142.64
2019-07-18,142.54
2019-07-19,142.66
2019-07-22,143.04
2019-07-23,143.22
2019-07-24,143.45
2019-07-25,143.75
2019-07-26,143.52
2019-07-29,143.23
2019-07-30,143.19
2019-07-31,143.23
2019-08-01,143.15
2019-08-02,142.52
2019-08-05,142.83
2019-08-06,143.15
2019-08-07,143.23
2019-08-08,143.37
2019-08-09,143.3
2019-08-12,143.1
2019-08-13,143.06
2019-08-14,143.07
2019-08-15,142.99
2019-08-16,143.14
2019-08-19,143.03
2019-08-20,143.21
2019-08-21,143.76
2019-08-22,143.9
2019-08-23,143.88
2019-08-26,143.84
2019-08-27,143.77
2019-08-28,143.95
2019-08-29,144.14
2019-08-30,144.51
2019-09-02,144.82
2019-09-03,144.7
2019-09-04,145.27
2019-09-05,145.2
2019-09-06,145.27
2019-09-09,145.12
2019-09-10,145.01
2019-09-11,145.02
2019-09-12,145.27
2019-09-13,145.34
2019-09-16,145.25
2019-09-17,144.95
2019-09-18,144.98
2019-09-19,145.17
2019-09-20,145.2
2019-09-23,145.14
2019-09-24,145.15
2019-09-25,145.1
2019-09-26,145.2
2019-09-27,145.17
2019-09-30,145.14
2019-10-01,145.11
2019-10-02,145.1
2019-10-03,145.13
2019-10-04,145.41
2019-10-07,146.06
2019-10-08,146.23
2019-10-09,146.35
2019-10-10,147.06
2019-10-11,147.41
2019-10-14,147.55
2019-10-15,147.64
2019-10-16,147.62
2019-10-17,147.69
2019-10-18,148.31
2019-10-21,148.77
2019-10-22,148.99
2019-10-23,149.31
2019-10-24,149.01
2019-10-25,149.51
2019-10-28,149.88
2019-10-29,149.76
2019-10-30,149.78
2019-10-31,149.41
2019-11-01,149.63
2019-11-05,150.09
2019-11-06,150.01
2019-11-07,150.12
2019-11-08,149.98
2019-11-11,149.56
2019-11-12,149.31
2019-11-13,148.93
2019-11-14,149.19
2019-11-15,149.4
2019-11-18,149.5
2019-11-19,149.77
2019-11-20,149.88
2019-11-21,149.97
2019-11-22,150.02
2019-11-25,149.87
2019-11-26,149.8
2019-11-27,149.82
2019-11-28,149.68
2019-11-29,149.55
2019-12-02,149.34
2019-12-03,149.5
2019-12-04,149.63
2019-12-05,149.64
2019-12-06,149.68
2019-12-09,149.68
2019-12-10,149.7
2019-12-11,149.67
2019-12-12,149.91
2019-12-13,150.18
2019-12-16,150.13
2019-12-17,150.25
2019-12-18,150.21
2019-12-19,150.05
2019-12-20,149.99
2019-12-23,150.01
2019-12-24,150.18
2019-12-25,150.31
2019-12-26,150.41
2019-12-27,150.45
2019-12-30,150.57
2020-01-03,150.73
2020-01-06,150.63
2020-01-08,150.6
2020-01-09,150.69
2020-01-10,151.13
2020-01-13,151.87
2020-01-14,151.84
2020-01-15,151.57
2020-01-16,151.68
2020-01-17,151.78
2020-01-20,151.86
2020-01-21,151.72
2020-01-22,151.72
2020-01-23,151.86
2020-01-24,151.85
2020-01-27,151.41
2020-01-28,151.29
2020-01-29,151.47
2020-01-30,151.38
2020-01-31,151.42
2020-02-03,151.22
2020-02-04,151.42
2020-02-05,151.72
2020-02-06,151.69
2020-02-07,151.93
2020-02-10,151.99
2020-02-11,152.11
2020-02-12,152.34
2020-02-13,152.52
2020-02-14,152.76
2020-02-17,152.85
2020-02-18,152.8
2020-02-19,153.08
2020-02-20,153.38
2020-02-21,153.05
2020-02-25,152.72
2020-02-26,152.18
2020-02-27,151.73
2020-02-28,149.32
2020-03-02,150.15
2020-03-03,151.24
2020-03-04,152.61
2020-03-05,152.75
2020-03-06,149.9
2020-03-10,145.37
2020-03-11,144.91
2020-03-12,140.22
2020-03-13,140.31
2020-03-16,138.54
2020-03-17,138.63
2020-03-18,137.04
2020-03-19,137.63
2020-03-20,140.68
2020-03-23,140.79
2020-03-24,144.37
2020-03-25,144.37
2020-03-26,144.85
2020-03-27,145.75
2020-03-30,145.26
2020-03-31,146.92
2020-04-01,146.6
2020-04-02,146.44
2020-04-03,146.89
2020-04-06,147.38
2020-04-07,147.57
2020-04-08,147.37
2020-04-09,147.77
2020-04-10,147.89
2020-04-13,147.97
2020-04-14,147.96
2020-04-15,147.46
2020-04-16,148.02
2020-04-17,150.02
2020-04-20,151.56
2020-04-21,150.57
2020-04-22,151.23
2020-04-23,152.23
2020-04-24,152.78
2020-04-27,152.74
2020-04-28,152.77
2020-04-29,152.72
2020-04-30,152.71
2020-05-04,152.84
2020-05-05,153.03
2020-05-06,152.83
2020-05-07,152.85
2020-05-08,153.43
2020-05-12,154.43
2020-05-13,154.64
2020-05-14,154.83
2020-05-15,156.31
2020-05-18,157.44
2020-05-19,157.3
2020-05-20,157.47
2020-05-21,157.55
2020-05-22,157.3
2020-05-25,157.31
2020-05-26,157.31
2020-05-27,156.96
2020-05-28,156.82
2020-05-29,156.91
2020-06-01,157.11
2020-06-02,157.21
2020-06-03,157.02
2020-06-04,156.28
2020-06-05,156.01
2020-06-08,155.82
2020-06-09,155.75
2020-06-10,156.34
2020-06-11,156.26
2020-06-15,156.15
2020-06-16,156.56
2020-06-17,156.85
2020-06-18,157.04
2020-06-19,157.44
2020-06-22,156.9
2020-06-23,156.69
2020-06-25,156.15
2020-06-26,156.24
2020-06-29,156.12
2020-06-30,155.08
2020-07-02,155.21
2020-07-03,154.32
2020-07-06,154.08
2020-07-07,154.67
2020-07-08,155.2
2020-07-09,155.7
2020-07-10,155.5
2020-07-13,155.65
2020-07-14,155.68
2020-07-15,155.61
2020-07-16,155.44
2020-07-17,155.54
2020-07-20,155.74
2020-07-21,156.01
2020-07-22,156.01
2020-07-23,155.99
2020-07-24,155.79
2020-07-27,155.79
2020-07-28,155.52
2020-07-29,155.41
2020-07-30,154.76
2020-07-31,154.92
2020-08-03,155.19
2020-08-04,155.26
2020-08-05,155.31
2020-08-06,155.13
2020-08-07,155.02
2020-08-10,155.04
2020-08-11,155.1
2020-08-12,154.95
2020-08-13,154.79
2020-08-14,154.47
2020-08-17,153.34
2020-08-18,153.23
2020-08-19,153.86
2020-08-20,153.62
2020-08-21,153.19
2020-08-24,153.38
2020-08-25,153.26
2020-08-26,153.0
2020-08-27,153.41
2020-08-28,153.59
2020-08-31,153.79
2020-09-01,153.94
2020-09-02,153.61
2020-09-03,153.06
2020-09-04,153.23
2020-09-07,153.12
2020-09-08,152.75
2020-09-09,152.91
2020-09-10,153.19
2020-09-11,153.11
2020-09-14,153.0
2020-09-15,153.07
2020-09-16,153.06
2020-09-17,153.02
2020-09-18,152.99
2020-09-21,152.68
2020-09-22,152.41
2020-09-23,152.25
2020-09-24,152.08
2020-09-25,152.16
2020-09-28,151.98
2020-09-29,151.97
2020-09-30,152.36
2020-10-01,152.79
2020-10-02,152.75
2020-10-05,152.85
2020-10-06,153.08
2020-10-07,153.24
2020-10-08,153.78
2020-10-09,153.86
2020-10-12,153.91
2020-10-13,153.96
2020-10-14,153.91
2020-10-15,153.56
2020-10-16,153.56
2020-10-19,153.82
2020-10-20,153.78
2020-10-21,153.89
2020-10-22,153.8
2020-10-23,153.9
2020-10-26,153.79
2020-10-27,153.65
2020-10-28,153.17
2020-10-29,152.86
2020-10-30,152.72
2020-11-02,151.86
2020-11-03,152.09
2020-11-05,153.51
2020-11-06,153.99
2020-11-09,154.46
2020-11-10,154.31
2020-11-11,154.27
2020-11-12,154.26
2020-11-13,154.4
2020-11-16,154.5
2020-11-17,154.42
2020-11-18,154.15
2020-11-19,154.31
2020-11-20,154.35
2020-11-23,154.56
2020-11-24,154.35
2020-11-25,154.34
2020-11-26,154.2
2020-11-27,154.21
2020-11-30,154.06
2020-12-01,154.08
2020-12-02,154.04
2020-12-03,154.05
2020-12-04,154.13
2020-12-07,154.18
2020-12-08,154.24
2020-12-09,154.15
2020-12-10,153.98
2020-12-11,153.88
2020-12-14,153.87
2020-12-15,153.79
2020-12-16,153.73
2020-12-17,153.85
2020-12-18,153.68
2020-12-21,153.17
2020-12-22,153.02
2020-12-23,152.86
2020-12-24,152.88
2020-12-25,153.11
2020-12-28,152.93
2020-12-29,153.16
2020-12-30,153.15
2021-01-04,153.34
2021-01-05,153.48
2021-01-06,153.53
2021-01-08,153.5
2021-01-11,153.0
2021-01-12,152.74
2021-01-13,152.58
2021-01-14,152.46
2021-01-15,151.8
2021-01-18,151.57
2021-01-19,151.7
2021-01-20,151.83
2021-01-21,151.56
2021-01-22,150.92
2021-01-25,150.96
2021-01-26,151.01
2021-01-27,150.91
2021-01-28,150.76
2021-01-29,150.96
2021-02-01,151.03
2021-02-02,150.98
2021-02-03,150.59
2021-02-04,150.88
2021-02-05,151.16
2021-02-08,151.45
2021-02-09,151.02
2021-02-10,150.69
2021-02-11,150.24
2021-02-12,149.61
2021-02-15,149.32
2021-02-16,148.73
2021-02-17,148.56
2021-02-18,148.84
2021-02-19,148.4
2021-02-20,148.4
2021-02-22,148.33
2021-02-24,148.46
2021-02-25,148.05
2021-02-26,147.42
2021-03-01,147.68
2021-03-02,147.83
2021-03-03,148.26
2021-03-04,149.03
2021-03-05,148.21
2021-03-09,148.26
2021-03-10,147.89
2021-03-11,147.42
2021-03-12,147.21
2021-03-15,147.2
2021-03-16,146.98
2021-03-17,146.73
2021-03-18,146.33
2021-03-19,145.83
2021-03-22,145.3
2021-03-23,144.27
2021-03-24,144.61
2021-03-25,145.06
2021-03-26,145.75
2021-03-29,145.95
2021-03-30,145.51
2021-03-31,145.61
2021-04-01,145.38
2021-04-02,145.43
2021-04-05,145.38
2021-04-06,145.13
2021-04-07,144.07
2021-04-08,144.1
2021-04-09,143.83
2021-04-12,144.04
2021-04-13,144.04
2021-04-14,145.43
2021-04-15,144.7
2021-04-16,146.16
2021-04-19,145.53
2021-04-20,145.31
2021-04-21,145.52
2021-04-22,145.94
2021-04-23,146.02
2021-04-26,146.2
2021-04-27,145.87
2021-04-28,145.56
2021-04-29,145.85
2021-04-30,145.72
2021-05-04,145.9
2021-05-05,146.0
2021-05-06,146.1
2021-05-07,145.96
2021-05-10,146.2
2021-05-11,145.84
2021-05-12,145.58
2021-05-13,145.14
2021-05-14,145.5
2021-05-17,145.48
2021-05-18,145.42
2021-05-19,145.3
2021-05-20,145.44
2021-05-21,145.51
2021-05-24,145.43
2021-05-25,145.33
2021-05-26,145.37
2021-05-27,145.41
2021-05-28,145.32
2021-05-31,145.21
2021-06-01,145.05
2021-06-02,145.0
2021-06-03,144.89
2021-06-04,144.6
2021-06-07,144.5
2021-06-08,144.1
2021-06-09,143.86
2021-06-10,144.09
2021-06-11,144.7
2021-06-14,144.71
2021-06-15,144.51
2021-06-16,144.16
2021-06-17,144.23
2021-06-18,144.77
2021-06-21,144.59
2021-06-22,144.56
2021-06-23,144.67
2021-06-24,144.87
2021-06-25,144.76
2021-06-28,144.5
2021-06-29,144.07
2021-06-30,144.08
2021-07-01,144.18
2021-07-02,144.05
2021-07-05,144.15
2021-07-06,144.1
2021-07-07,144.05
2021-07-08,143.81
2021-07-09,143.96
2021-07-12,143.83
2021-07-13,143.79
2021-07-14,143.75
2021-07-15,143.94
2021-07-16,143.96
2021-07-19,143.84
2021-07-20,144.03
2021-07-21,144.51
2021-07-22,145.03
2021-07-23,145.18
2021-07-26,145.23
2021-07-27,145.48
2021-07-28,145.71
2021-07-29,145.71
2021-07-30,145.76
2021-08-02,145.64
2021-08-03,145.53
2021-08-04,145.31
2021-08-05,145.4
2021-08-06,145.23
2021-08-09,144.97
2021-08-10,144.87
2021-08-11,144.76
2021-08-12,144.78
2021-08-13,144.82
2021-08-16,145.22
2021-08-17,145.42
2021-08-18,145.37
2021-08-19,145.06
2021-08-20,145.06
2021-08-23,145.0
2021-08-24,144.87
2021-08-25,144.79
2021-08-26,144.49
2021-08-27,144.7
2021-08-30,144.82
2021-08-31,144.9
2021-09-01,144.92
2021-09-02,144.64
2021-09-03,144.71
2021-09-06,144.64
2021-09-07,144.48
2021-09-08,144.42
2021-09-09,144.43
2021-09-10,144.53
2021-09-13,144.61
2021-09-14,144.52
2021-09-15,144.31
2021-09-16,144.3
2021-09-17,144.19
2021-09-20,143.59
2021-09-21,143.67
2021-09-22,143.71
2021-09-23,143.28
2021-09-24,142.96
2021-09-27,142.58
2021-09-28,142.68
2021-09-29,142.77
2021-09-30,142.55
2021-10-01,142.24
2021-10-04,141.9
2021-10-05,141.1
2021-10-06,140.58
2021-10-07,141.14
2021-10-08,141.66
2021-10-11,141.59
2021-10-12,141.45
2021-10-13,141.52
2021-10-14,141.77
2021-10-15,141.8
2021-10-18,141.31
2021-10-19,141.29
2021-10-20,141.07
2021-10-21,140.67
2021-10-22,139.52
2021-10-25,138.24
2021-10-26,137.64
2021-10-27,137.84
2021-10-28,136.7
2021-10-29,136.75
2021-11-01,136.18
2021-11-02,136.0
2021-11-03,136.16
2021-11-05,136.15
2021-11-08,136.54
2021-11-09,137.06
2021-11-10,137.55
2021-11-11,137.71
2021-11-12,137.21
2021-11-15,136.88
2021-11-16,136.29
2021-11-17,136.33
2021-11-18,135.71
2021-11-19,135.36
2021-11-22,134.21
2021-11-23,133.57
2021-11-24,134.05
2021-11-25,134.57
2021-11-26,134.42
2021-11-29,135.35
2021-11-30,135.28
2021-12-01,135.43
2021-12-02,134.95
2021-12-03,135.23
2021-12-06,134.88
2021-12-07,134.23
2021-12-08,134.38
2021-12-09,134.51
2021-12-10,134.64
2021-12-13,134.56
2021-12-14,134.25
2021-12-15,134.3
2021-12-16,134.61
2021-12-17,134.86
2021-12-20,135.46
2021-12-21,135.45
2021-12-22,135.52
2021-12-23,135.6
2021-12-24,135.65
2021-12-27,135.65
2021-12-28,135.66
2021-12-29,135.62
2021-12-30,135.77
2022-01-03,136.22
2022-01-04,136.33
2022-01-05,136.45
2022-01-06,135.73
2022-01-10,134.91
2022-01-11,134.12
2022-01-12,133.73
2022-01-13,132.55
2022-01-14,129.95
2022-01-17,129.06
2022-01-18,128.83
2022-01-19,130.12
2022-01-20,129.81
2022-01-21,129.46
2022-01-24,127.76
2022-01-25,127.51
2022-01-26,127.31
2022-01-27,128.0
2022-01-28,128.83
2022-01-31,128.99
2022-02-01,129.23
2022-02-02,129.58
2022-02-03,129.34
2022-02-04,129.54
2022-02-07,129.49
2022-02-08,129.51
2022-02-09,129.56
2022-02-10,129.31
2022-02-11,127.96
2022-02-14,125.43
2022-02-15,126.52
2022-02-16,127.63
2022-02-17,127.03
2022-02-18,126.97
2022-02-21,124.33
2022-02-22,121.46
2022-02-24,104.3
2022-02-25,108.45
2022-03-21,102.45
2022-03-22,107.51
2022-03-23,106.85
2022-03-24,107.31
2022-03-25,108.16
2022-03-28,107.77
2022-03-29,109.44
2022-03-30,114.26
2022-03-31,116.97
2022-04-01,117.19
2022-04-04,115.72
2022-04-05,115.58
2022-04-06,115.26
2022-04-07,115.22
2022-04-08,119.01
2022-04-11,121.55
2022-04-12,121.49
2022-04-13,122.11
2022-04-14,122.87
2022-04-15,122.18
2022-04-18,123.01
2022-04-19,124.71
2022-04-20,125.7
2022-04-21,126.98
2022-04-22,126.74
2022-04-25,125.83
2022-04-26,126.26
2022-04-27,126.14
2022-04-28,125.89
2022-04-29,126.17
2022-05-04,125.7
2022-05-05,125.34
2022-05-06,125.17
2022-05-11,125.1
2022-05-12,124.92
2022-05-13,124.81
2022-05-16,125.02
2022-05-17,125.06
2022-05-18,124.95
2022-05-19,125.29
2022-05-20,125.61
2022-05-23,125.55
2022-05-24,125.58
2022-05-25,128.06
2022-05-26,129.53
2022-05-27,129.23
2022-05-30,128.97
2022-05-31,128.98
2022-06-01,130.13
2022-06-02,131.61
2022-06-03,131.71
2022-06-06,132.23
2022-06-07,132.32
2022-06-08,132.31
2022-06-09,132.71
2022-06-10,132.91
2022-06-14,132.15
2022-06-15,132.12
2022-06-16,132.81
2022-06-17,132.76
2022-06-20,132.97
2022-06-21,133.13
2022-06-22,133.2
2022-06-23,133.73
2022-06-24,134.24
2022-06-27,134.9
2022-06-28,135.1
2022-06-29,134.98
2022-06-30,134.62
2022-07-01,134.3
2022-07-04,133.74
2022-07-05,133.19
2022-07-06,133.24
2022-07-07,133.78
2022-07-08,133.95
2022-07-11,133.82
2022-07-12,133.56
2022-07-13,133.41
2022-07-14,133.44
2022-07-15,133.49
2022-07-18,133.32
2022-07-19,133.27
2022-07-20,133.37
2022-07-21,134.01
2022-07-22,135.5
2022-07-25,135.91
2022-07-26,135.78
2022-07-27,135.84
2022-07-28,135.97
2022-07-29,136.2
2022-08-01,136.23
2022-08-02,136.24
2022-08-03,136.03
2022-08-04,136.05
2022-08-05,135.94
2022-08-08,135.92
2022-08-09,135.95
2022-08-10,135.77
2022-08-11,135.33
2022-08-12,134.85
2022-08-15,135.14
2022-08-16,135.27
2022-08-17,135.42
2022-08-18,135.46
2022-08-19,135.24
2022-08-22,134.97
2022-08-23,134.93
2022-08-24,134.8
2022-08-25,135.02
2022-08-26,135.06
2022-08-29,135.06
2022-08-30,135.13
2022-08-31,134.96
2022-09-01,135.1
2022-09-02,135.41
2022-09-05,135.86
2022-09-06,136.07
2022-09-07,136.05
2022-09-08,135.86
2022-09-09,135.65
2022-09-12,135.8
2022-09-13,135.55
2022-09-14,135.57
2022-09-15,135.72
2022-09-16,135.73
2022-09-19,134.1
2022-09-20,132.47
2022-09-21,129.65
2022-09-22,130.44
2022-09-23,128.89
2022-09-26,125.97
2022-09-27,128.39
2022-09-28,128.21
2022-09-29,126.65
2022-09-30,125.74
2022-10-03,126.94
2022-10-04,128.43
2022-10-05,128.39
2022-10-06,128.87
2022-10-07,128.69
2022-10-10,127.66
2022-10-11,128.62
2022-10-12,129.07
2022-10-13,129.26
2022-10-14,129.44
2022-10-17,129.89
2022-10-18,130.09
2022-10-19,130.06
2022-10-20,130.35
2022-10-21,130.68
2022-10-24,130.89
2022-10-25,130.87
2022-10-26,130.81
2022-10-27,130.6
2022-10-28,130.56
2022-10-31,130.22
2022-11-01,130.16
2022-11-02,129.55
2022-11-03,129.55
2022-11-07,129.65
2022-11-08,129.07
2022-11-09,128.85
2022-11-10,129.34
2022-11-11,129.54
2022-11-14,129.5
2022-11-15,129.53
2022-11-16,129.87
2022-11-17,130.53
2022-11-18,130.53
2022-11-21,130.48
2022-11-22,130.25
2022-11-23,130.29
2022-11-24,130.56
2022-11-25,130.63
2022-11-28,130.67
2022-11-29,130.64
2022-11-30,130.6
2022-12-01,130.53
2022-12-02,130.45
2022-12-05,130.23
2022-12-06,130.17
2022-12-07,130.19
2022-12-08,130.43
2022-12-09,130.53
2022-12-12,130.49
2022-12-13,130.64
2022-12-14,130.69
2022-12-15,130.59
2022-12-16,130.6
2022-12-19,130.23
2022-12-20,130.05
2022-12-21,129.99
2022-12-22,130.16
2022-12-23,130.2
2022-12-26,130.26
2022-12-27,130.24
2022-12-28,130.12
2022-12-29,130.2
2022-12-30,130.4
2023-01-03,130.91
2023-01-04,131.11
2023-01-05,131.26
2023-01-06,131.16
2023-01-09,130.61
2023-01-10,130.46
2023-01-11,130.26
2023-01-12,130.29
2023-01-13,130.37
2023-01-16,130.31
2023-01-17,130.37
2023-01-18,130.24
2023-01-19,130.35
2023-01-20,130.31
