,USD
2009-01-01,29.157
2009-01-02,29.404
2009-01-05,29.157
2009-01-06,29.158
2009-01-07,29.155
2009-01-08,29.39
2009-01-09,29.155
2009-01-12,31.081
2009-01-13,31.293
2009-01-14,31.759
2009-01-15,32.256
2009-01-16,32.489
2009-01-19,33.237
2009-01-20,33.023
2009-01-21,32.543
2009-01-22,32.65
2009-01-23,32.859
2009-01-26,32.827
2009-01-27,33.061
2009-01-28,33.95
2009-01-29,35.0
2009-01-30,35.763
2009-02-02,36.098
2009-02-03,35.969
2009-02-04,36.255
2009-02-05,36.36
2009-02-06,36.17
2009-02-09,35.834
2009-02-10,35.849
2009-02-11,35.186
2009-02-12,34.645
2009-02-13,34.625
2009-02-16,35.214
2009-02-17,36.328
2009-02-18,36.311
2009-02-19,35.867
2009-02-20,35.888
2009-02-23,36.108
2009-02-24,35.848
2009-02-25,35.826
2009-02-26,35.748
2009-02-27,35.925
2009-03-02,36.169
2009-03-03,36.222
2009-03-04,35.979
2009-03-05,35.863
2009-03-06,35.783
2009-03-09,35.659
2009-03-10,35.074
2009-03-11,34.997
2009-03-12,34.984
2009-03-13,34.681
2009-03-16,34.642
2009-03-17,34.499
2009-03-18,33.935
2009-03-19,33.345
2009-03-20,33.505
2009-03-23,33.191
2009-03-24,33.493
2009-03-25,33.595
2009-03-26,33.416
2009-03-27,33.751
2009-03-30,33.971
2009-03-31,33.959
2009-04-01,33.89
2009-04-02,33.394
2009-04-03,33.308
2009-04-06,33.389
2009-04-07,33.55
2009-04-08,33.691
2009-04-09,33.638
2009-04-10,33.508
2009-04-13,33.289
2009-04-14,33.406
2009-04-15,33.417
2009-04-16,33.392
2009-04-17,33.463
2009-04-20,33.925
2009-04-21,34.194
2009-04-22,33.933
2009-04-23,33.475
2009-04-24,33.202
2009-04-27,33.506
2009-04-28,33.367
2009-04-29,33.173
2009-04-30,33.12
2009-05-01,33.063
2009-05-04,32.786
2009-05-05,32.859
2009-05-06,32.808
2009-05-07,32.582
2009-05-08,32.246
2009-05-11,32.235
2009-05-12,31.988
2009-05-13,31.933
2009-05-14,32.17
2009-05-15,32.017
2009-05-18,32.068
2009-05-19,31.8375
2009-05-20,31.442
2009-05-21,31.48
2009-05-22,30.952
2009-05-25,30.903
2009-05-26,31.3275
2009-05-27,31.056
2009-05-28,30.983
2009-05-29,30.656
2009-06-01,30.615
2009-06-02,30.5765
2009-06-03,30.751
2009-06-04,30.727
2009-06-05,30.926
2009-06-08,31.41
2009-06-09,31.046
2009-06-10,30.857
2009-06-11,30.88
2009-06-12,30.995
2009-06-15,31.191
2009-06-16,31.221
2009-06-17,31.27
2009-06-18,31.192
2009-06-19,30.943
2009-06-22,31.273
2009-06-23,31.229
2009-06-24,31.14
2009-06-25,31.207
2009-06-26,31.057
2009-06-29,31.105
2009-06-30,31.073
2009-07-01,31.0963
2009-07-02,31.129
2009-07-03,31.164
2009-07-06,31.344
2009-07-07,31.5871
2009-07-08,31.9071
2009-07-09,31.7375
2009-07-10,32.5933
2009-07-13,32.6777
2009-07-14,32.2618
2009-07-15,31.873
2009-07-16,31.576
2009-07-17,31.7765
2009-07-20,31.0255
2009-07-21,30.997
2009-07-22,31.1735
2009-07-23,31.204
2009-07-24,30.966
2009-07-27,30.6995
2009-07-28,31.0845
2009-07-29,31.577
2009-07-30,31.515
2009-07-31,31.54
2009-08-03,31.0562
2009-08-04,31.083
2009-08-05,31.158
2009-08-06,31.3175
2009-08-07,31.4876
2009-08-10,31.8007
2009-08-11,32.2159
2009-08-12,32.284
2009-08-13,31.6452
2009-08-14,31.698
2009-08-17,32.1851
2009-08-18,32.4043
2009-08-19,32.4043
2009-08-20,31.8051
2009-08-21,31.627
2009-08-24,31.591
2009-08-25,32.4043
2009-08-26,32.4043
2009-08-27,32.4043
2009-08-28,31.65
2009-08-31,32.4043
2009-09-01,32.4043
2009-09-02,32.4043
2009-09-03,32.4043
2009-09-04,31.6056
2009-09-07,32.4068
2009-09-08,32.4068
2009-09-09,32.4068
2009-09-10,30.8526
2009-09-11,30.6475
2009-09-14,32.4068
2009-09-15,30.8225
2009-09-16,32.4068
2009-09-17,30.317
2009-09-18,30.3038
2009-09-21,30.3765
2009-09-22,32.4068
2009-09-23,30.057
2009-09-24,30.1345
2009-09-25,30.1457
2009-09-28,30.1565
2009-09-29,30.0805
2009-09-30,30.0775
2009-10-01,30.109
2009-10-02,30.1845
2009-10-05,30.0055
2009-10-06,29.81
2009-10-07,29.7415
2009-10-08,29.5864
2009-10-09,29.63
2009-10-12,29.4865
2009-10-13,29.5362
2009-10-14,29.598
2009-10-15,29.4225
2009-10-16,29.4211
2009-10-19,29.313
2009-10-20,29.1528
2009-10-21,29.1838
2009-10-22,29.033
2009-10-23,28.9985
2009-10-26,28.8697
2009-10-27,29.221
2009-10-28,29.252
2009-10-29,29.176
2009-10-30,29.1562
2009-11-02,29.2475
2009-11-03,29.3148
2009-11-04,29.1425
2009-11-05,29.0074
2009-11-06,29.0385
2009-11-09,28.7372
2009-11-10,28.705
2009-11-11,28.673
2009-11-12,28.802
2009-11-13,28.8275
2009-11-16,28.667
2009-11-17,28.7837
2009-11-18,28.7207
2009-11-19,28.7907
2009-11-20,28.9898
2009-11-23,28.781
2009-11-24,28.7849
2009-11-25,28.79
2009-11-26,29.252
2009-11-27,29.3155
2009-11-30,29.2357
2009-12-01,29.0775
2009-12-02,29.354
2009-12-03,29.1798
2009-12-04,29.5403
2009-12-07,29.8688
2009-12-08,30.6576
2009-12-09,30.422
2009-12-10,30.3917
2009-12-11,30.0555
2009-12-14,30.0645
2009-12-15,30.1665
2009-12-16,30.234
2009-12-17,30.815
2009-12-18,30.49
2009-12-21,30.5469
2009-12-22,30.5705
2009-12-23,30.205
2009-12-24,29.599
2009-12-25,29.56
2009-12-28,29.725
2009-12-29,29.9237
2009-12-30,30.27
2009-12-31,30.1
2010-01-01,30.1
2010-01-04,30.3175
2010-01-05,30.1
2010-01-06,30.1
2010-01-07,30.1
2010-01-08,29.8685
2010-01-11,29.326
2010-01-12,29.572
2010-01-13,29.5535
2010-01-14,29.445
2010-01-15,29.5645
2010-01-18,29.601
2010-01-19,29.598
2010-01-20,29.764
2010-01-21,29.7187
2010-01-22,29.8665
2010-01-25,30.1141
2010-01-26,30.336
2010-01-27,30.327
2010-01-28,30.361
2010-01-29,30.3679
2010-02-01,30.295
2010-02-02,30.075
2010-02-03,29.9945
2010-02-04,30.175
2010-02-05,30.3655
2010-02-08,30.5305
2010-02-09,30.3425
2010-02-10,30.3091
2010-02-11,30.1439
2010-02-12,30.212
2010-02-15,30.229
2010-02-16,30.0067
2010-02-17,30.1232
2010-02-18,30.0383
2010-02-19,29.9647
2010-02-22,30.0195
2010-02-23,29.9885
2010-02-24,30.015
2010-02-25,30.0124
2010-02-26,29.935
2010-03-01,29.9651
2010-03-02,29.9863
2010-03-03,29.771
2010-03-04,29.8215
2010-03-05,29.8413
2010-03-08,29.7565
2010-03-09,29.736
2010-03-10,29.557
2010-03-11,29.456
2010-03-12,29.291
2010-03-15,29.424
2010-03-16,29.283
2010-03-17,29.174
2010-03-18,29.306
2010-03-19,29.34
2010-03-22,29.529
2010-03-23,29.541
2010-03-24,29.701
2010-03-25,29.607
2010-03-26,29.596
2010-03-29,29.486
2010-03-30,29.51
2010-03-31,29.434
2010-04-01,29.255
2010-04-02,29.245
2010-04-05,29.2
2010-04-06,29.325
2010-04-07,29.322
2010-04-08,29.417
2010-04-09,29.135
2010-04-12,29.016
2010-04-13,29.044
2010-04-14,28.947
2010-04-15,28.999
2010-04-16,29.07
2010-04-19,29.138
2010-04-20,29.145
2010-04-21,29.135
2010-04-22,29.2593
2010-04-23,29.1155
2010-04-26,29.048
2010-04-27,29.3565
2010-04-28,29.3445
2010-04-29,29.233
2010-04-30,29.215
2010-05-03,29.18
2010-05-04,29.5947
2010-05-05,30.0456
2010-05-06,30.719
2010-05-07,30.4993
2010-05-10,30.4444
2010-05-11,30.222
2010-05-12,30.023
2010-05-13,29.9998
2010-05-14,30.355
2010-05-17,30.5385
2010-05-18,30.5015
2010-05-19,30.4955
2010-05-20,31.4335
2010-05-21,31.095
2010-05-24,31.054
2010-05-25,31.4445
2010-05-26,31.19
2010-05-27,30.655
2010-05-28,30.6539
2010-05-31,30.8955
2010-06-01,31.2077
2010-06-02,31.1653
2010-06-03,31.165
2010-06-04,31.515
2010-06-07,31.7225
2010-06-08,31.81
2010-06-09,31.6863
2010-06-10,31.6575
2010-06-11,31.6075
2010-06-14,31.43
2010-06-15,31.28
2010-06-16,31.218
2010-06-17,30.937
2010-06-18,30.989
2010-06-21,30.8341
2010-06-22,30.9246
2010-06-23,31.0116
2010-06-24,31.055
2010-06-25,30.9915
2010-06-28,31.0685
2010-06-29,31.3252
2010-06-30,31.2425
2010-07-01,31.035
2010-07-02,31.1065
2010-07-05,31.1488
2010-07-06,31.055
2010-07-07,31.004
2010-07-08,30.835
2010-07-09,30.875
2010-07-12,30.772
2010-07-13,30.5975
2010-07-14,30.564
2010-07-15,30.37
2010-07-16,30.5195
2010-07-19,30.5351
2010-07-20,30.5089
2010-07-21,30.5015
2010-07-22,30.3665
2010-07-23,30.3476
2010-07-26,30.227
2010-07-27,30.1913
2010-07-28,30.249
2010-07-29,30.175
2010-07-30,30.285
2010-08-02,29.976
2010-08-03,29.7313
2010-08-04,29.8168
2010-08-05,29.847
2010-08-06,29.785
2010-08-09,29.923
2010-08-10,30.038
2010-08-11,30.391
2010-08-12,30.582
2010-08-13,30.545
2010-08-16,30.488
2010-08-17,30.415
2010-08-18,30.444
2010-08-19,30.439
2010-08-20,30.661
2010-08-23,30.696
2010-08-24,30.805
2010-08-25,30.972
2010-08-26,30.696
2010-08-27,30.706
2010-08-30,30.677
2010-08-31,30.783
2010-09-01,30.715
2010-09-02,30.701
2010-09-03,30.627
2010-09-06,30.632
2010-09-07,30.859
2010-09-08,30.823
2010-09-09,30.843
2010-09-10,30.886
2010-09-13,30.666
2010-09-14,30.617
2010-09-15,30.946
2010-09-16,31.314
2010-09-17,30.982
2010-09-20,31.068
2010-09-21,31.059
2010-09-22,30.993
2010-09-23,31.026
2010-09-24,30.758
2010-09-27,30.533
2010-09-28,30.458
2010-09-29,30.422
2010-09-30,30.569
2010-10-01,30.464
2010-10-04,30.473
2010-10-05,30.027
2010-10-06,29.847
2010-10-07,29.776
2010-10-08,29.849
2010-10-11,29.911
2010-10-12,30.103
2010-10-13,30.117
2010-10-14,30.046
2010-10-15,30.315
2010-10-18,30.387
2010-10-19,30.674
2010-10-20,30.681
2010-10-21,30.576
2010-10-22,30.347
2010-10-25,30.293
2010-10-26,30.448
2010-10-27,30.685
2010-10-28,30.646
2010-10-29,30.814
2010-11-01,30.828
2010-11-02,30.774
2010-11-03,30.82
2010-11-04,30.476
2010-11-05,30.519
2010-11-08,30.834
2010-11-09,30.651
2010-11-10,30.732
2010-11-11,30.62
2010-11-12,30.794
2010-11-15,30.998
2010-11-16,31.166
2010-11-17,31.305
2010-11-18,31.079
2010-11-19,31.112
2010-11-22,31.153
2010-11-23,31.358
2010-11-24,31.264
2010-11-25,31.16
2010-11-26,31.3883
2010-11-29,31.356
2010-11-30,31.5311
2010-12-01,31.364
2010-12-02,31.2135
2010-12-03,31.237
2010-12-06,31.2245
2010-12-07,31.136
2010-12-08,31.049
2010-12-09,30.939
2010-12-10,30.927
2010-12-13,30.698
2010-12-14,30.72
2010-12-15,30.818
2010-12-16,30.744
2010-12-17,30.6788
2010-12-20,30.8471
2010-12-21,30.7415
2010-12-22,30.65
2010-12-23,30.6332
2010-12-24,30.477
2010-12-27,30.365
2010-12-28,30.3573
2010-12-29,30.4585
2010-12-30,30.5623
2010-12-31,30.577
2011-01-03,30.4775
2011-01-04,30.4775
2011-01-05,30.4775
2011-01-06,30.4775
2011-01-07,30.7685
2011-01-10,30.4775
2011-01-11,30.5505
2011-01-12,30.0995
2011-01-13,29.9455
2011-01-14,30.0026
2011-01-17,29.9867
2011-01-18,29.902
2011-01-19,29.838
2011-01-20,29.993
2011-01-21,29.7845
2011-01-24,29.844
2011-01-25,29.711
2011-01-26,29.7155
2011-01-27,29.605
2011-01-28,29.8168
2011-01-31,29.799
2011-02-01,29.6302
2011-02-02,29.445
2011-02-03,29.446
2011-02-04,29.4029
2011-02-07,29.2708
2011-02-08,29.2631
2011-02-09,29.2497
2011-02-10,29.3247
2011-02-11,29.3237
2011-02-14,29.3015
2011-02-15,29.3275
2011-02-16,29.205
2011-02-17,29.242
2011-02-18,29.1025
2011-02-21,29.1575
2011-02-22,29.2846
2011-02-23,29.143
2011-02-24,29.0545
2011-02-25,28.9525
2011-02-28,28.847
2011-03-01,28.7445
2011-03-02,28.3885
2011-03-03,28.1865
2011-03-04,28.156
2011-03-07,28.1795
2011-03-08,28.2815
2011-03-09,28.3805
2011-03-10,28.6235
2011-03-11,28.514
2011-03-14,28.5025
2011-03-15,28.7105
2011-03-16,28.738
2011-03-17,28.6285
2011-03-18,28.4315
2011-03-21,28.261
2011-03-22,28.1935
2011-03-23,28.315
2011-03-24,28.2995
2011-03-25,28.343
2011-03-28,28.3565
2011-03-29,28.357
2011-03-30,28.5205
2011-03-31,28.4485
2011-04-01,28.239
2011-04-04,28.2735
2011-04-05,28.2715
2011-04-06,28.1639
2011-04-07,28.2215
2011-04-08,27.942
2011-04-11,28.0569
2011-04-12,28.119
2011-04-13,28.2395
2011-04-14,28.196
2011-04-15,28.121
2011-04-18,28.424
2011-04-19,28.2715
2011-04-20,28.0715
2011-04-21,27.9363
2011-04-22,27.9665
2011-04-25,27.934
2011-04-26,27.7495
2011-04-27,27.6015
2011-04-28,27.5275
2011-04-29,27.409
2011-05-02,27.3415
2011-05-03,27.3525
2011-05-04,27.3425
2011-05-05,27.663
2011-05-06,27.6828
2011-05-09,27.8105
2011-05-10,27.7275
2011-05-11,27.8535
2011-05-12,28.0375
2011-05-13,27.9337
2011-05-16,28.139
2011-05-17,28.043
2011-05-18,27.979
2011-05-19,27.9155
2011-05-20,28.177
2011-05-23,28.4825
2011-05-24,28.3637
2011-05-25,28.4565
2011-05-26,28.2515
2011-05-27,27.9795
2011-05-30,28.0285
2011-05-31,27.9285
2011-06-01,27.9865
2011-06-02,27.8985
2011-06-03,27.7955
2011-06-06,27.8212
2011-06-07,27.7333
2011-06-08,27.75
2011-06-09,27.727
2011-06-10,27.8374
2011-06-13,27.9385
2011-06-14,27.8505
2011-06-15,27.9788
2011-06-16,28.1085
2011-06-17,28.054
2011-06-20,28.033
2011-06-21,27.9575
2011-06-22,27.9665
2011-06-23,28.218
2011-06-24,28.2405
2011-06-27,28.133
2011-06-28,28.088
2011-06-29,27.951
2011-06-30,27.9015
2011-07-01,27.847
2011-07-04,27.822
2011-07-05,27.883
2011-07-06,27.9725
2011-07-07,27.8935
2011-07-08,28.0025
2011-07-11,28.2233
2011-07-12,28.306
2011-07-13,27.996
2011-07-14,28.1075
2011-07-15,28.0515
2011-07-18,28.1295
2011-07-19,28.0385
2011-07-20,27.9356
2011-07-21,27.727
2011-07-22,27.7789
2011-07-25,27.7185
2011-07-26,27.5245
2011-07-27,27.554
2011-07-28,27.5655
2011-07-29,27.6135
2011-08-01,27.7541
2011-08-02,27.8405
2011-08-03,27.8281
2011-08-04,28.1765
2011-08-05,28.169
2011-08-08,29.0605
2011-08-09,29.8798
2011-08-10,29.8412
2011-08-11,29.5115
2011-08-12,29.1415
2011-08-15,28.618
2011-08-16,28.7375
2011-08-17,28.7655
2011-08-18,29.149
2011-08-19,29.1315
2011-08-22,29.0975
2011-08-23,28.973
2011-08-24,28.922
2011-08-25,28.884
2011-08-26,28.822
2011-08-29,28.811
2011-08-30,28.857
2011-08-31,28.947
2011-09-01,29.0575
2011-09-02,29.157
2011-09-05,29.5195
2011-09-06,29.635
2011-09-07,29.5215
2011-09-08,29.734
2011-09-09,30.0095
2011-09-12,30.2565
2011-09-13,30.209
2011-09-14,30.3575
2011-09-15,30.3925
2011-09-16,30.5371
2011-09-19,31.353
2011-09-20,31.4225
2011-09-21,31.602
2011-09-22,32.0985
2011-09-23,32.055
2011-09-26,32.4
2011-09-27,31.6945
2011-09-28,31.76
2011-09-29,31.8855
2011-09-30,32.258
2011-10-03,32.753
2011-10-04,32.72
2011-10-05,32.632
2011-10-06,32.374
2011-10-07,32.1176
2011-10-10,31.5637
2011-10-11,31.5225
2011-10-12,31.1165
2011-10-13,31.2435
2011-10-14,30.879
2011-10-17,30.873
2011-10-18,31.0678
2011-10-19,31.175
2011-10-20,31.2625
2011-10-21,31.0635
2011-10-24,30.601
2011-10-25,30.5065
2011-10-26,30.6638
2011-10-27,29.9335
2011-10-28,29.824
2011-10-31,30.302
2011-11-01,30.8215
2011-11-02,30.765
2011-11-03,30.41
2011-11-04,30.684
2011-11-07,30.5235
2011-11-08,30.2375
2011-11-09,30.7105
2011-11-10,30.5475
2011-11-11,30.3605
2011-11-14,30.6088
2011-11-15,30.7105
2011-11-16,30.7855
2011-11-17,31.0063
2011-11-18,30.8395
2011-11-21,31.185
2011-11-22,31.0665
2011-11-23,31.51
2011-11-24,31.487
2011-11-25,31.5263
2011-11-28,31.3802
2011-11-29,31.2995
2011-11-30,30.7
2011-12-01,30.7615
2011-12-02,30.889
2011-12-05,30.9545
2011-12-06,31.3488
2011-12-07,31.2605
2011-12-08,31.4675
2011-12-09,31.4495
2011-12-12,31.687
2011-12-13,31.7425
2011-12-14,31.891
2011-12-15,31.755
2011-12-16,31.9495
2011-12-19,32.112
2011-12-20,31.9213
2011-12-21,31.753
2011-12-22,31.3755
2011-12-23,31.1495
2011-12-26,31.152
2011-12-27,31.412
2011-12-28,31.8245
2011-12-29,32.1015
2011-12-30,32.1935
2012-01-02,32.1065
2012-01-03,31.6855
2012-01-04,31.8695
2012-01-05,32.0395
2012-01-06,31.9815
2012-01-09,31.884
2012-01-10,31.5925
2012-01-11,31.7005
2012-01-12,31.5575
2012-01-13,31.873
2012-01-16,31.6741
2012-01-17,31.5805
2012-01-18,31.4445
2012-01-19,31.3075
2012-01-20,31.3405
2012-01-23,30.905
2012-01-24,30.7615
2012-01-25,30.564
2012-01-26,30.362
2012-01-27,30.0805
2012-01-30,30.38
2012-01-31,30.292
2012-02-01,30.175
2012-02-02,30.203
2012-02-03,30.1345
2012-02-06,30.1225
2012-02-07,29.8175
2012-02-08,29.749
2012-02-09,29.733
2012-02-10,30.029
2012-02-13,29.9215
2012-02-14,30.0545
2012-02-15,30.101
2012-02-16,30.055
2012-02-17,29.9455
2012-02-20,29.793
2012-02-21,29.7505
2012-02-22,29.699
2012-02-23,29.551
2012-02-24,29.1215
2012-02-27,29.0195
2012-02-28,29.0125
2012-02-29,29.2065
2012-03-01,29.136
2012-03-02,29.366
2012-03-05,29.3525
2012-03-06,29.6575
2012-03-07,29.624
2012-03-08,29.36
2012-03-09,29.44
2012-03-12,29.621
2012-03-13,29.44
2012-03-14,29.5845
2012-03-15,29.437
2012-03-16,29.2295
2012-03-19,29.1135
2012-03-20,29.254
2012-03-21,29.279
2012-03-22,29.4515
2012-03-23,29.265
2012-03-26,28.96
2012-03-27,29.0605
2012-03-28,29.3825
2012-03-29,29.4305
2012-03-30,29.3075
2012-04-02,29.295
2012-04-03,29.3045
2012-04-04,29.446
2012-04-05,29.398
2012-04-06,29.572
2012-04-09,29.609
2012-04-10,29.8395
2012-04-11,29.6415
2012-04-12,29.416
2012-04-13,29.6165
2012-04-16,29.605
2012-04-17,29.4975
2012-04-18,29.5325
2012-04-19,29.504
2012-04-20,29.456
2012-04-23,29.5035
2012-04-24,29.3655
2012-04-25,29.358
2012-04-26,29.3315
2012-04-27,29.319
2012-04-30,29.4085
2012-05-01,29.3365
2012-05-02,29.4305
2012-05-03,29.533
2012-05-04,29.7695
2012-05-07,30.0
2012-05-08,30.146
2012-05-09,30.369
2012-05-10,30.1575
2012-05-11,30.165
2012-05-14,30.391
2012-05-15,30.679
2012-05-16,31.041
2012-05-17,31.1225
2012-05-18,31.3105
2012-05-21,31.117
2012-05-22,31.3775
2012-05-23,31.7372
2012-05-24,31.7935
2012-05-25,32.0905
2012-05-28,32.098
2012-05-29,32.3005
2012-05-30,32.8247
2012-05-31,33.3365
2012-06-01,33.674
2012-06-04,33.4545
2012-06-05,32.9095
2012-06-06,32.3442
2012-06-07,32.463
2012-06-08,32.528
2012-06-11,32.75
2012-06-12,33.025
2012-06-13,32.472
2012-06-14,32.5
2012-06-15,32.375
2012-06-18,32.41
2012-06-19,32.385
2012-06-20,32.575
2012-06-21,33.182
2012-06-22,33.21
2012-06-25,33.235
2012-06-26,32.913
2012-06-27,32.966
2012-06-28,33.133
2012-06-29,32.395
2012-07-02,32.576
2012-07-03,32.224
2012-07-04,32.335
2012-07-05,32.514
2012-07-06,32.87
2012-07-09,32.985
2012-07-10,32.894
2012-07-11,32.708
2012-07-12,32.742
2012-07-13,32.562
2012-07-16,32.532
2012-07-17,32.35
2012-07-18,32.229
2012-07-19,31.827
2012-07-20,32.061
2012-07-23,32.67
2012-07-24,32.943
2012-07-25,32.651
2012-07-26,32.357
2012-07-27,32.035
2012-07-30,32.177
2012-07-31,32.211
2012-08-01,32.402
2012-08-02,32.66
2012-08-03,31.99
2012-08-06,31.578
2012-08-07,31.545
2012-08-08,31.533
2012-08-09,31.71
2012-08-10,31.83
2012-08-13,31.874
2012-08-14,31.844
2012-08-15,31.869
2012-08-16,31.859
2012-08-17,32.038
2012-08-20,32.059
2012-08-21,31.765
2012-08-22,31.784
2012-08-23,31.695
2012-08-24,31.815
2012-08-27,31.9
2012-08-28,31.993
2012-08-29,32.213
2012-08-30,32.559
2012-08-31,32.25
2012-09-03,32.302
2012-09-04,32.297
2012-09-05,32.296
2012-09-06,31.957
2012-09-07,31.665
2012-09-10,31.677
2012-09-11,31.515
2012-09-12,31.456
2012-09-13,31.074
2012-09-14,30.503
2012-09-17,30.634
2012-09-18,30.911
2012-09-19,31.209
2012-09-20,31.237
2012-09-21,31.041
2012-09-24,31.143
2012-09-25,31.2
2012-09-26,31.311
2012-09-27,30.988
2012-09-28,31.185
2012-10-01,31.2
2012-10-02,31.135
2012-10-03,31.161
2012-10-04,30.985
2012-10-05,31.008
2012-10-08,31.184
2012-10-09,31.145
2012-10-10,31.117
2012-10-11,31.041
2012-10-12,31.11
2012-10-15,31.006
2012-10-16,30.859
2012-10-17,30.753
2012-10-18,30.8
2012-10-19,30.892
2012-10-22,31.107
2012-10-23,31.382
2012-10-24,31.435
2012-10-25,31.38
2012-10-26,31.398
2012-10-29,31.485
2012-10-30,31.38
2012-10-31,31.343
2012-11-01,31.287
2012-11-02,31.48
2012-11-05,31.608
2012-11-06,31.373
2012-11-07,31.58
2012-11-08,31.51
2012-11-09,31.575
2012-11-12,31.61
2012-11-13,31.752
2012-11-14,31.706
2012-11-15,31.666
2012-11-16,31.71
2012-11-19,31.415
2012-11-20,31.306
2012-11-21,31.183
2012-11-22,31.185
2012-11-23,31.05
2012-11-26,31.008
2012-11-27,31.045
2012-11-28,31.07
2012-11-29,30.872
2012-11-30,30.865
2012-12-03,30.882
2012-12-04,30.84
2012-12-05,30.797
2012-12-06,30.953
2012-12-07,30.826
2012-12-10,30.791
2012-12-11,30.707
2012-12-12,30.549
2012-12-13,30.736
2012-12-14,30.707
2012-12-17,30.979
2012-12-18,30.74
2012-12-19,30.765
2012-12-20,30.703
2012-12-21,30.828
2012-12-24,30.633
2012-12-25,30.7
2012-12-26,30.587
2012-12-27,30.365
2012-12-28,30.369
2012-12-31,30.558
2013-01-01,30.588
2013-01-02,30.175
2013-01-03,30.25
2013-01-04,30.328
2013-01-07,30.349
2013-01-08,30.3
2013-01-09,30.363
2013-01-10,30.143
2013-01-11,30.328
2013-01-14,30.221
2013-01-15,30.298
2013-01-16,30.341
2013-01-17,30.173
2013-01-18,30.267
2013-01-21,30.247
2013-01-22,30.24
2013-01-23,30.155
2013-01-24,30.078
2013-01-25,30.041
2013-01-28,30.18
2013-01-29,30.04
2013-01-30,30.043
2013-01-31,30.03
2013-02-01,29.863
2013-02-04,30.075
2013-02-05,29.968
2013-02-06,30.075
2013-02-07,30.25
2013-02-08,30.17
2013-02-11,30.16
2013-02-12,30.035
2013-02-13,30.052
2013-02-14,30.122
2013-02-15,30.113
2013-02-18,30.11
2013-02-19,30.09
2013-02-20,30.23
2013-02-21,30.47
2013-02-22,30.39
2013-02-25,30.475
2013-02-26,30.605
2013-02-27,30.49
2013-02-28,30.65
2013-03-01,30.696
2013-03-04,30.768
2013-03-05,30.618
2013-03-06,30.782
2013-03-07,30.712
2013-03-08,30.793
2013-03-11,30.695
2013-03-12,30.688
2013-03-13,30.798
2013-03-14,30.719
2013-03-15,30.626
2013-03-18,30.808
2013-03-19,30.997
2013-03-20,30.875
2013-03-21,30.95
2013-03-22,30.85
2013-03-25,30.94
2013-03-26,30.88
2013-03-27,31.035
2013-03-28,31.117
2013-03-29,31.078
2013-04-01,31.087
2013-04-02,31.323
2013-04-03,31.652
2013-04-04,31.602
2013-04-05,31.505
2013-04-08,31.223
2013-04-09,31.025
2013-04-10,30.892
2013-04-11,30.865
2013-04-12,31.065
2013-04-15,31.502
2013-04-16,31.248
2013-04-17,31.887
2013-04-18,31.585
2013-04-19,31.665
2013-04-22,31.565
2013-04-23,31.635
2013-04-24,31.48
2013-04-25,31.163
2013-04-26,31.288
2013-04-29,30.973
2013-04-30,31.128
2013-05-01,31.348
2013-05-02,31.152
2013-05-03,31.08
2013-05-06,31.04
2013-05-07,31.067
2013-05-08,31.148
2013-05-09,31.198
2013-05-10,31.358
2013-05-13,31.34
2013-05-14,31.36
2013-05-15,31.455
2013-05-16,31.395
2013-05-17,31.453
2013-05-20,31.238
2013-05-21,31.24
2013-05-22,31.415
2013-05-23,31.483
2013-05-24,31.33
2013-05-27,31.358
2013-05-28,31.524
2013-05-29,31.628
2013-05-30,31.73
2013-05-31,31.922
2013-06-03,31.843
2013-06-04,31.945
2013-06-05,32.175
2013-06-06,32.13
2013-06-07,32.208
2013-06-10,32.3
2013-06-11,32.395
2013-06-12,32.22
2013-06-13,31.975
2013-06-14,31.727
2013-06-17,31.757
2013-06-18,32.008
2013-06-19,32.383
2013-06-20,33.055
2013-06-21,32.775
2013-06-24,32.765
2013-06-25,32.821
2013-06-26,32.943
2013-06-27,32.816
2013-06-28,32.835
2013-07-01,32.992
2013-07-02,33.19
2013-07-03,33.135
2013-07-04,33.218
2013-07-05,33.328
2013-07-08,33.205
2013-07-09,32.995
2013-07-10,32.955
2013-07-11,32.532
2013-07-12,32.64
2013-07-15,32.592
2013-07-16,32.42
2013-07-17,32.325
2013-07-18,32.483
2013-07-19,32.377
2013-07-22,32.345
2013-07-23,32.295
2013-07-24,32.483
2013-07-25,32.665
2013-07-26,32.788
2013-07-29,32.86
2013-07-30,32.967
2013-07-31,32.96
2013-08-01,33.11
2013-08-02,32.835
2013-08-05,32.917
2013-08-06,32.985
2013-08-07,32.963
2013-08-08,32.86
2013-08-09,32.88
2013-08-12,33.02
2013-08-13,33.072
2013-08-14,33.087
2013-08-15,32.9
2013-08-16,32.917
2013-08-19,32.987
2013-08-20,32.95
2013-08-21,33.153
2013-08-22,33.055
2013-08-23,33.035
2013-08-26,33.085
2013-08-27,33.16
2013-08-28,33.19
2013-08-29,33.258
2013-08-30,33.268
2013-09-02,33.4
2013-09-03,33.5
2013-09-04,33.322
2013-09-05,33.443
2013-09-06,33.273
2013-09-09,33.158
2013-09-10,32.945
2013-09-11,32.785
2013-09-12,32.653
2013-09-13,32.465
2013-09-16,32.322
2013-09-17,32.208
2013-09-18,31.793
2013-09-19,31.657
2013-09-20,31.863
2013-09-23,31.814
2013-09-24,31.883
2013-09-25,32.093
2013-09-26,32.335
2013-09-27,32.315
2013-09-30,32.393
2013-10-01,32.25
2013-10-02,32.223
2013-10-03,32.171
2013-10-04,32.179
2013-10-07,32.212
2013-10-08,32.401
2013-10-09,32.32
2013-10-10,32.175
2013-10-11,32.225
2013-10-14,32.28
2013-10-15,32.303
2013-10-16,32.057
2013-10-17,31.867
2013-10-18,31.865
2013-10-21,31.975
2013-10-22,31.689
2013-10-23,31.751
2013-10-24,31.698
2013-10-25,31.811
2013-10-28,31.918
2013-10-29,32.123
2013-10-30,32.0
2013-10-31,32.083
2013-11-01,32.462
2013-11-04,32.378
2013-11-05,32.545
2013-11-06,32.375
2013-11-07,32.458
2013-11-08,32.66
2013-11-11,32.833
2013-11-12,32.865
2013-11-13,32.753
2013-11-14,32.752
2013-11-15,32.571
2013-11-18,32.576
2013-11-19,32.716
2013-11-20,32.91
2013-11-21,32.993
2013-11-22,32.745
2013-11-25,32.921
2013-11-26,32.954
2013-11-27,33.185
2013-11-28,33.152
2013-11-29,33.149
2013-12-02,33.224
2013-12-03,33.241
2013-12-04,33.113
2013-12-05,32.98
2013-12-06,32.767
2013-12-09,32.682
2013-12-10,32.709
2013-12-11,32.763
2013-12-12,32.828
2013-12-13,32.903
2013-12-16,32.94
2013-12-17,32.983
2013-12-18,32.9
2013-12-19,32.985
2013-12-20,32.985
2013-12-23,32.71
2013-12-24,32.627
2013-12-25,32.688
2013-12-26,32.675
2013-12-27,32.612
2013-12-30,32.82
2013-12-31,32.895
2014-01-01,32.855
2014-01-02,33.1
2014-01-03,33.2
2014-01-06,33.21
2014-01-07,33.14
2014-01-08,33.177
2014-01-09,33.213
2014-01-10,33.002
2014-01-13,33.288
2014-01-14,33.318
2014-01-15,33.398
2014-01-16,33.416
2014-01-17,33.615
2014-01-20,33.773
2014-01-21,33.977
2014-01-22,33.945
2014-01-23,34.153
2014-01-24,34.51
2014-01-27,34.688
2014-01-28,34.788
2014-01-29,35.091
2014-01-30,34.93
2014-01-31,35.176
2014-02-03,35.455
2014-02-04,35.023
2014-02-05,34.865
2014-02-06,34.73
2014-02-07,34.752
2014-02-10,34.75
2014-02-11,34.742
2014-02-12,34.829
2014-02-13,35.083
2014-02-14,35.12
2014-02-17,35.203
2014-02-18,35.46
2014-02-19,35.778
2014-02-20,35.755
2014-02-21,35.51
2014-02-24,35.532
2014-02-25,35.742
2014-02-26,36.04
2014-02-27,36.02
2014-02-28,36.05
2014-03-03,36.532
2014-03-04,36.095
2014-03-05,36.045
2014-03-06,36.128
2014-03-07,36.388
2014-03-10,36.388
2014-03-11,36.455
2014-03-12,36.48
2014-03-13,36.587
2014-03-14,36.565
2014-03-17,36.29
2014-03-18,36.245
2014-03-19,36.182
2014-03-20,36.392
2014-03-21,36.248
2014-03-24,36.095
2014-03-25,35.498
2014-03-26,35.545
2014-03-27,35.617
2014-03-28,35.807
2014-03-31,35.047
2014-04-01,35.053
2014-04-02,35.453
2014-04-03,35.583
2014-04-04,35.324
2014-04-07,35.617
2014-04-08,35.75
2014-04-09,35.585
2014-04-10,35.56
2014-04-11,35.645
2014-04-14,35.99
2014-04-15,36.267
2014-04-16,36.034
2014-04-17,35.453
2014-04-18,35.615
2014-04-21,35.688
2014-04-22,35.695
2014-04-23,35.715
2014-04-24,35.775
2014-04-25,36.02
2014-04-28,35.85
2014-04-29,35.64
2014-04-30,35.634
2014-05-01,35.627
2014-05-02,35.847
2014-05-05,35.727
2014-05-06,35.41
2014-05-07,34.938
2014-05-08,35.127
2014-05-09,35.233
2014-05-12,35.015
2014-05-13,34.875
2014-05-14,34.682
2014-05-15,34.775
2014-05-16,34.745
2014-05-19,34.597
2014-05-20,34.508
2014-05-21,34.337
2014-05-22,34.312
2014-05-23,34.125
2014-05-26,34.185
2014-05-27,34.417
2014-05-28,34.573
2014-05-29,34.665
2014-05-30,34.92
2014-06-02,35.065
2014-06-03,35.102
2014-06-04,34.983
2014-06-05,34.697
2014-06-06,34.447
2014-06-09,34.367
2014-06-10,34.369
2014-06-11,34.398
2014-06-12,34.36
2014-06-13,34.385
2014-06-16,34.625
2014-06-17,34.833
2014-06-18,34.382
2014-06-19,34.385
2014-06-20,34.458
2014-06-23,34.093
2014-06-24,33.818
2014-06-25,33.76
2014-06-26,33.717
2014-06-27,33.753
2014-06-30,33.988
2014-07-01,34.358
2014-07-02,34.275
2014-07-03,34.291
2014-07-04,34.399
2014-07-07,34.4355
2014-07-08,34.261
2014-07-09,33.96
2014-07-10,34.0128
2014-07-11,34.1629
2014-07-14,34.3078
2014-07-15,34.377
2014-07-16,34.4206
2014-07-17,34.9347
2014-07-18,35.1145
2014-07-21,35.2003
2014-07-22,34.9649
2014-07-23,34.8408
2014-07-24,35.0375
2014-07-25,35.095
2014-07-28,35.525
2014-07-29,35.7066
2014-07-30,35.6146
2014-07-31,35.6848
2014-08-01,35.7482
2014-08-04,35.8285
2014-08-05,35.92
2014-08-06,36.1858
2014-08-07,36.2857
2014-08-08,36.2593
2014-08-11,35.9946
2014-08-12,36.1317
2014-08-13,36.055
2014-08-14,36.0178
2014-08-15,36.1783
2014-08-18,36.093
2014-08-19,36.1915
2014-08-20,36.252
2014-08-21,36.1
2014-08-22,36.161
2014-08-25,36.1644
2014-08-26,36.098
2014-08-27,36.1866
2014-08-28,36.78
2014-08-29,37.0749
2014-09-01,37.2511
2014-09-02,37.4305
2014-09-03,36.8388
2014-09-04,36.9761
2014-09-05,37.0735
2014-09-08,37.0563
2014-09-09,37.0685
2014-09-10,37.3291
2014-09-11,37.5198
2014-09-12,37.8805
2014-09-15,38.3685
2014-09-16,38.7223
2014-09-17,38.389
2014-09-18,38.4011
2014-09-19,38.5396
2014-09-22,38.67
2014-09-23,38.5967
2014-09-24,38.1891
2014-09-25,38.481
2014-09-26,39.1123
2014-09-29,39.4757
2014-09-30,39.5727
2014-10-01,39.66
2014-10-02,39.654
2014-10-03,39.9386
2014-10-06,39.8587
2014-10-07,39.9402
2014-10-08,40.13
2014-10-09,40.086
2014-10-10,40.376
2014-10-13,40.49
2014-10-14,40.8534
2014-10-15,40.6858
2014-10-16,40.9272
2014-10-17,40.6523
2014-10-20,41.0501
2014-10-21,40.94
2014-10-22,41.3246
2014-10-23,41.7328
2014-10-24,41.9405
2014-10-27,42.298
2014-10-28,42.4793
2014-10-29,42.8065
2014-10-30,41.6445
2014-10-31,43.034
2014-11-03,43.608
2014-11-04,43.59
2014-11-05,44.9418
2014-11-06,46.8675
2014-11-07,46.65
2014-11-10,45.8525
2014-11-11,46.3543
2014-11-12,45.93
2014-11-13,46.8
2014-11-14,47.196
2014-11-17,47.1186
2014-11-18,46.9025
2014-11-19,46.861
2014-11-20,46.152
2014-11-21,45.7308
2014-11-24,44.9978
2014-11-25,46.263
2014-11-26,47.3808
2014-11-27,48.655
2014-11-28,50.4085
2014-12-01,51.1852
2014-12-02,53.85
2014-12-03,53.1568
2014-12-04,54.3528
2014-12-05,52.5101
2014-12-08,53.7432
2014-12-09,54.0559
2014-12-10,54.8523
2014-12-11,56.3955
2014-12-12,58.1819
2014-12-15,64.4455
2014-12-16,67.5062
2014-12-17,60.572
2014-12-18,61.5
2014-12-19,58.6014
2014-12-22,55.8605
2014-12-23,54.5611
2014-12-24,53.5
2014-12-25,52.5179
2014-12-26,53.95
2014-12-29,58.3217
2014-12-30,55.9077
2014-12-31,58.048
2015-01-01,58.048
2015-01-02,58.75
2015-01-05,60.8074
2015-01-06,63.0892
2015-01-07,62.9
2015-01-08,60.3831
2015-01-09,61.4457
2015-01-12,63.1624
2015-01-13,65.2646
2015-01-14,64.7915
2015-01-15,65.2315
2015-01-16,65.122
2015-01-19,65.0073
2015-01-20,65.1776
2015-01-21,65.3002
2015-01-22,64.1307
2015-01-23,64.2388
2015-01-26,68.5074
2015-01-27,66.8431
2015-01-28,68.0284
2015-01-29,68.7572
2015-01-30,68.8629
2015-02-02,68.3189
2015-02-03,65.1916
2015-02-04,68.0081
2015-02-05,66.4901
2015-02-06,66.9112
2015-02-09,65.7958
2015-02-10,65.4528
2015-02-11,65.3146
2015-02-12,65.1725
2015-02-13,63.5449
2015-02-16,63.1931
2015-02-17,62.5819
2015-02-18,61.5669
2015-02-19,61.9023
2015-02-20,62.012
2015-02-23,63.8
2015-02-24,62.8549
2015-02-25,61.3583
2015-02-26,61.1606
2015-02-27,61.6207
2015-03-02,62.6193
2015-03-03,61.9255
2015-03-04,61.9741
2015-03-05,60.8328
2015-03-06,60.4303
2015-03-09,60.789
2015-03-10,62.5248
2015-03-11,61.6381
2015-03-12,61.2711
2015-03-13,62.216
2015-03-16,62.1895
2015-03-17,61.4528
2015-03-18,59.3145
2015-03-19,59.9972
2015-03-20,59.2727
2015-03-23,58.745
2015-03-24,57.7006
2015-03-25,57.3978
2015-03-26,57.2957
2015-03-27,57.896
2015-03-30,57.5936
2015-03-31,58.1993
2015-04-01,57.6204
2015-04-02,56.6453
2015-04-03,56.61
2015-04-06,55.4838
2015-04-07,55.0283
2015-04-08,53.6005
2015-04-09,51.8875
2015-04-10,53.6162
2015-04-13,52.0423
2015-04-14,50.8833
2015-04-15,49.7024
2015-04-16,49.7995
2015-04-17,51.8821
2015-04-20,53.3222
2015-04-21,53.7634
2015-04-22,52.2144
2015-04-23,50.7827
2015-04-24,50.9084
2015-04-27,51.9876
2015-04-28,51.5342
2015-04-29,51.0402
2015-04-30,51.6513
2015-05-01,51.796
2015-05-04,52.111
2015-05-05,50.4491
2015-05-06,51.0011
2015-05-07,50.3321
2015-05-08,51.0377
2015-05-11,51.246
2015-05-12,49.9501
2015-05-13,49.2576
2015-05-14,50.122
2015-05-15,49.5628
2015-05-18,49.0687
2015-05-19,49.5371
2015-05-20,49.7284
2015-05-21,49.9847
2015-05-22,49.9817
2015-05-25,49.9733
2015-05-26,50.9499
2015-05-27,51.9873
2015-05-28,52.5899
2015-05-29,52.3212
2015-06-01,53.6187
2015-06-02,52.8647
2015-06-03,54.2938
2015-06-04,56.4487
2015-06-05,56.2446
2015-06-08,55.9969
2015-06-09,55.5456
2015-06-10,54.3462
2015-06-11,54.7913
2015-06-12,55.191
2015-06-15,54.5077
2015-06-16,53.7588
2015-06-17,53.6084
2015-06-18,53.4641
2015-06-19,54.0064
2015-06-22,53.9301
2015-06-23,53.8511
2015-06-24,54.4662
2015-06-25,54.716
2015-06-26,54.806
2015-06-29,55.7448
2015-06-30,55.2806
2015-07-01,55.8397
2015-07-02,55.5334
2015-07-03,55.9773
2015-07-06,56.8816
2015-07-07,56.7309
2015-07-08,57.4966
2015-07-09,57.1921
2015-07-10,56.3876
2015-07-13,56.541
2015-07-14,56.4068
2015-07-15,56.952
2015-07-16,56.9496
2015-07-17,56.9669
2015-07-20,56.9939
2015-07-21,56.9346
2015-07-22,57.4359
2015-07-23,57.8501
2015-07-24,58.4299
2015-07-27,59.6501
2015-07-28,60.0155
2015-07-29,58.6778
2015-07-30,59.727
2015-07-31,61.7417
2015-08-03,63.5263
2015-08-04,63.0518
2015-08-05,63.4619
2015-08-06,64.0149
2015-08-07,64.037
2015-08-10,62.873
2015-08-11,64.2719
2015-08-12,64.2518
2015-08-13,64.6977
2015-08-14,64.9938
2015-08-17,65.5
2015-08-18,65.8717
2015-08-19,66.6027
2015-08-20,67.9297
2015-08-21,69.133
2015-08-24,70.8892
2015-08-25,69.0514
2015-08-26,68.9066
2015-08-27,66.0333
2015-08-28,65.423
2015-08-31,64.2768
2015-09-01,66.7987
2015-09-02,67.0242
2015-09-03,67.193
2015-09-04,68.4838
2015-09-07,69.098
2015-09-08,67.9836
2015-09-09,68.481
2015-09-10,67.7313
2015-09-11,67.9536
2015-09-14,67.4673
2015-09-15,66.705
2015-09-16,65.3293
2015-09-17,65.4154
2015-09-18,66.5011
2015-09-21,66.0149
2015-09-22,66.0189
2015-09-23,66.4069
2015-09-24,66.0912
2015-09-25,65.5164
2015-09-28,66.0784
2015-09-29,65.7278
2015-09-30,65.4532
2015-10-01,65.6968
2015-10-02,66.0066
2015-10-05,64.7771
2015-10-06,63.3639
2015-10-07,62.6657
2015-10-08,61.369
2015-10-09,61.811
2015-10-12,62.273
2015-10-13,63.0786
2015-10-14,62.6939
2015-10-15,61.3889
2015-10-16,61.2708
2015-10-19,62.2839
2015-10-20,62.11
2015-10-21,63.0471
2015-10-22,62.5961
2015-10-23,62.3638
2015-10-26,63.0122
2015-10-27,64.9247
2015-10-28,63.9391
2015-10-29,64.4008
2015-10-30,63.9454
2015-11-02,63.6481
2015-11-03,62.5868
2015-11-04,63.201
2015-11-05,63.4329
2015-11-06,64.5929
2015-11-09,64.5941
2015-11-10,64.581
2015-11-11,65.4366
2015-11-12,66.6271
2015-11-13,66.7624
2015-11-16,65.2988
2015-11-17,65.1463
2015-11-18,64.7599
2015-11-19,64.6114
2015-11-20,64.7672
2015-11-23,65.8628
2015-11-24,65.4144
2015-11-25,65.5334
2015-11-26,65.8419
2015-11-27,66.4697
2015-11-30,66.4888
2015-12-01,66.6126
2015-12-02,67.4841
2015-12-03,67.5188
2015-12-04,68.1246
2015-12-07,69.4916
2015-12-08,69.4666
2015-12-09,69.3606
2015-12-10,69.1318
2015-12-11,70.3518
2015-12-14,70.5657
2015-12-15,69.9483
2015-12-16,70.3862
2015-12-17,71.177
2015-12-18,70.9601
2015-12-21,71.2254
2015-12-22,71.245
2015-12-23,69.6966
2015-12-24,70.2508
2015-12-25,70.667
2015-12-28,72.2113
2015-12-29,72.2122
2015-12-30,73.5963
2015-12-31,72.999
2016-01-01,73.0
2016-01-04,73.1655
2016-01-05,73.326
2016-01-06,74.7623
2016-01-07,75.1
2016-01-08,74.805
2016-01-11,76.2
2016-01-12,77.0394
2016-01-13,76.6724
2016-01-14,76.0647
2016-01-15,77.6411
2016-01-18,79.2942
2016-01-19,78.5908
2016-01-20,81.3906
2016-01-21,82.6813
2016-01-22,78.045
2016-01-25,80.0649
2016-01-26,78.3342
2016-01-27,77.6556
2016-01-28,76.3787
2016-01-29,75.4644
2016-02-01,77.3094
2016-02-02,79.7542
2016-02-03,76.8869
2016-02-04,76.908
2016-02-05,77.4872
2016-02-08,78.5509
2016-02-09,79.7087
2016-02-10,78.6429
2016-02-11,79.5917
2016-02-12,78.3558
2016-02-15,76.9807
2016-02-16,77.8876
2016-02-17,75.04
2016-02-18,76.4278
2016-02-19,76.9937
2016-02-20,77.0453
2016-02-22,75.3462
2016-02-24,75.7421
2016-02-25,75.3641
2016-02-26,76.1883
2016-02-29,75.1682
2016-03-01,73.3731
2016-03-02,73.0278
2016-03-03,73.162
2016-03-04,72.0326
2016-03-07,71.4779
2016-03-09,71.1102
2016-03-10,71.4291
2016-03-11,69.9192
2016-03-14,69.9772
2016-03-15,71.0474
2016-03-16,69.1734
2016-03-17,68.0758
2016-03-18,68.3703
2016-03-21,67.8348
2016-03-22,67.4914
2016-03-23,68.7234
2016-03-24,68.5601
2016-03-25,68.447
2016-03-28,68.5128
2016-03-29,68.0899
2016-03-30,68.244
2016-03-31,67.0288
2016-04-01,67.5855
2016-04-04,68.7464
2016-04-05,68.5667
2016-04-06,67.6066
2016-04-07,67.9942
2016-04-08,67.1262
2016-04-11,66.7928
2016-04-12,65.7183
2016-04-13,66.2975
2016-04-14,66.1361
2016-04-15,66.405
2016-04-18,66.0847
2016-04-19,65.8547
2016-04-20,65.1893
2016-04-21,66.8337
2016-04-22,66.4792
2016-04-25,66.5674
2016-04-26,65.1825
2016-04-27,65.1325
2016-04-28,64.701
2016-04-29,64.6542
2016-05-04,66.5318
2016-05-05,65.8616
2016-05-06,65.947
2016-05-10,66.2856
2016-05-11,64.9921
2016-05-12,64.8982
2016-05-13,65.4546
2016-05-16,64.8914
2016-05-17,64.7376
2016-05-18,65.9901
2016-05-19,66.779
2016-05-20,66.7833
2016-05-23,66.826
2016-05-24,66.1799
2016-05-25,65.4961
2016-05-26,65.8146
2016-05-27,66.1168
2016-05-30,65.7944
2016-05-31,66.6968
2016-06-01,67.1015
2016-06-02,66.972
2016-06-03,65.6149
2016-06-06,65.2693
2016-06-07,64.6133
2016-06-08,63.6131
2016-06-09,64.3363
2016-06-10,65.2705
2016-06-14,66.1385
2016-06-15,65.5585
2016-06-16,65.7658
2016-06-17,64.8461
2016-06-20,64.2835
2016-06-21,63.7824
2016-06-22,64.8807
2016-06-23,63.83
2016-06-24,65.2733
2016-06-27,65.4441
2016-06-28,64.078
2016-06-29,63.8232
2016-06-30,63.9731
2016-07-01,63.804
2016-07-04,63.9291
2016-07-05,64.3284
2016-07-06,64.2031
2016-07-07,64.5625
2016-07-08,63.9669
2016-07-11,64.1963
2016-07-12,63.8928
2016-07-13,63.8403
2016-07-14,62.8268
2016-07-15,63.5079
2016-07-18,62.8635
2016-07-19,63.5394
2016-07-20,63.7773
2016-07-21,64.3803
2016-07-22,64.8689
2016-07-25,65.4183
2016-07-26,65.9448
2016-07-27,65.9353
2016-07-28,66.6038
2016-07-29,66.0429
2016-08-01,66.9005
2016-08-02,66.6682
2016-08-03,66.2634
2016-08-04,65.7809
2016-08-05,65.5352
2016-08-08,64.6274
2016-08-09,64.773
2016-08-10,64.87
2016-08-11,64.3135
2016-08-12,64.764
2016-08-15,64.0429
2016-08-16,63.7823
2016-08-17,63.8325
2016-08-18,63.6637
2016-08-19,63.906
2016-08-22,64.8112
2016-08-23,64.5946
2016-08-24,65.1602
2016-08-25,64.6825
2016-08-26,64.8556
2016-08-29,64.7624
2016-08-30,65.2607
2016-08-31,65.3317
2016-09-01,65.9177
2016-09-02,65.0975
2016-09-05,65.0742
2016-09-06,64.5645
2016-09-07,64.1378
2016-09-08,63.9808
2016-09-09,64.8199
2016-09-12,64.5918
2016-09-13,65.2994
2016-09-14,65.1533
2016-09-15,64.7683
2016-09-16,65.1138
2016-09-19,64.6569
2016-09-20,64.7819
2016-09-21,63.8353
2016-09-22,63.6999
2016-09-23,64.0518
2016-09-26,63.9264
2016-09-27,63.856
2016-09-28,63.0129
2016-09-29,63.0892
2016-09-30,62.8343
2016-10-03,62.2769
2016-10-04,62.6713
2016-10-05,62.4194
2016-10-06,62.0861
2016-10-07,62.2051
2016-10-10,61.9853
2016-10-11,62.67
2016-10-12,63.0037
2016-10-13,63.0334
2016-10-14,62.9718
2016-10-17,63.1094
2016-10-18,62.8137
2016-10-19,62.2943
2016-10-20,62.486
2016-10-21,62.3778
2016-10-24,62.1881
2016-10-25,62.2667
2016-10-26,62.8987
2016-10-27,62.7163
2016-10-28,63.0059
2016-10-31,63.3823
2016-11-01,63.3208
2016-11-02,63.5101
2016-11-03,63.5806
2016-11-07,63.638
2016-11-08,63.7595
2016-11-09,63.8751
2016-11-10,65.4926
2016-11-11,65.7592
2016-11-14,66.0222
2016-11-15,64.1741
2016-11-16,64.7795
2016-11-17,64.8285
2016-11-18,64.6963
2016-11-21,63.9144
2016-11-22,63.7645
2016-11-23,64.4667
2016-11-24,64.4829
2016-11-25,64.9468
2016-11-28,64.8383
2016-11-29,65.0979
2016-11-30,64.142
2016-12-01,63.9759
2016-12-02,63.882
2016-12-05,63.8175
2016-12-06,63.8785
2016-12-07,63.2054
2016-12-08,63.2743
2016-12-09,62.4933
2016-12-12,61.0442
2016-12-13,60.6029
2016-12-14,62.0812
2016-12-15,61.731
2016-12-16,62.0946
2016-12-19,61.9306
2016-12-20,61.4518
2016-12-21,61.15
2016-12-22,60.9426
2016-12-23,61.0564
2016-12-26,60.9777
2016-12-27,60.6708
2016-12-28,60.3297
2016-12-29,60.4138
2016-12-30,61.273
2017-01-03,60.9133
2017-01-04,60.4653
2017-01-05,59.4481
2017-01-06,59.6046
2017-01-09,60.0788
2017-01-10,60.1636
2017-01-11,59.7256
2017-01-12,59.3491
2017-01-13,59.6869
2017-01-16,59.8588
2017-01-17,59.4025
2017-01-18,59.5544
2017-01-19,59.7304
2017-01-20,59.7521
2017-01-23,59.5022
2017-01-24,59.2511
2017-01-25,59.5145
2017-01-26,60.4317
2017-01-27,59.8178
2017-01-30,59.9332
2017-01-31,60.1589
2017-02-01,60.128
2017-02-02,59.4117
2017-02-03,58.9824
2017-02-06,58.903
2017-02-07,59.3378
2017-02-08,59.2323
2017-02-09,58.96
2017-02-10,58.2219
2017-02-13,57.9851
2017-02-14,57.1288
2017-02-15,57.2565
2017-02-16,57.5993
2017-02-17,58.427
2017-02-20,57.9656
2017-02-21,57.4153
2017-02-22,58.0668
2017-02-24,58.4175
2017-02-27,58.0784
2017-02-28,58.3058
2017-03-01,58.2831
2017-03-02,58.8302
2017-03-03,58.2217
2017-03-06,58.2036
2017-03-07,58.1777
2017-03-09,59.2998
2017-03-10,58.9965
2017-03-13,58.7928
2017-03-14,59.1627
2017-03-15,58.396
2017-03-16,57.7819
2017-03-17,57.2234
2017-03-20,57.2987
2017-03-21,57.698
2017-03-22,57.7887
2017-03-23,57.4353
2017-03-24,56.8904
2017-03-27,56.9101
2017-03-28,57.0335
2017-03-29,56.6068
2017-03-30,56.0929
2017-03-31,56.2665
2017-04-03,56.083
2017-04-04,56.0787
2017-04-05,56.379
2017-04-06,56.3955
2017-04-07,57.248
2017-04-10,57.1778
2017-04-11,56.9215
2017-04-12,56.6023
2017-04-13,56.2679
2017-04-14,56.3578
2017-04-17,55.9267
2017-04-18,56.2408
2017-04-19,56.5833
2017-04-20,56.2073
2017-04-21,56.4576
2017-04-24,55.8438
2017-04-25,56.1574
2017-04-26,57.1535
2017-04-27,56.9705
2017-04-28,56.9311
2017-05-02,57.0137
2017-05-03,57.3911
2017-05-04,58.3694
2017-05-05,57.9436
2017-05-10,57.4522
2017-05-11,57.0558
2017-05-12,57.0974
2017-05-15,56.352
2017-05-16,56.5699
2017-05-17,57.0978
2017-05-18,57.5828
2017-05-19,56.9264
2017-05-22,56.6293
2017-05-23,56.3695
2017-05-24,56.4127
2017-05-25,56.9672
2017-05-26,56.5203
2017-05-29,56.4855
2017-05-30,56.5497
2017-05-31,56.5617
2017-06-01,56.3983
2017-06-02,56.6453
2017-06-05,56.6103
2017-06-06,56.5353
2017-06-07,57.0911
2017-06-08,56.9048
2017-06-09,57.0237
2017-06-13,56.9845
2017-06-14,57.4307
2017-06-15,57.8743
2017-06-16,57.779
2017-06-19,58.4527
2017-06-20,59.62
2017-06-21,60.3063
2017-06-22,59.946
2017-06-23,59.395
2017-06-26,58.7853
2017-06-27,59.4894
2017-06-28,59.2004
2017-06-29,59.4146
2017-06-30,58.9401
2017-07-03,59.284
2017-07-04,59.4093
2017-07-05,59.9993
2017-07-06,60.1558
2017-07-07,60.361
2017-07-10,60.2273
2017-07-11,60.7255
2017-07-12,59.9962
2017-07-13,59.8363
2017-07-14,59.0851
2017-07-17,59.355
2017-07-18,59.1807
2017-07-19,58.997
2017-07-20,58.9316
2017-07-21,59.3829
2017-07-24,60.0094
2017-07-25,59.8868
2017-07-26,59.4064
2017-07-27,59.4968
2017-07-28,59.5578
2017-07-31,59.7719
2017-08-01,60.3483
2017-08-02,60.5811
2017-08-03,60.3489
2017-08-04,59.9798
2017-08-07,60.0388
2017-08-08,59.8262
2017-08-09,59.9945
2017-08-10,60.117
2017-08-11,59.8733
2017-08-14,59.863
2017-08-15,59.7038
2017-08-16,59.3852
2017-08-17,59.234
2017-08-18,59.0003
2017-08-21,59.1428
2017-08-22,59.0868
2017-08-23,59.063
2017-08-24,59.1624
2017-08-25,58.5828
2017-08-28,58.4388
2017-08-29,58.8299
2017-08-30,58.5678
2017-08-31,58.006
2017-09-01,57.5159
2017-09-04,57.8349
2017-09-05,57.527
2017-09-06,57.3641
2017-09-07,56.9
2017-09-08,57.357
2017-09-11,57.2123
2017-09-12,57.7056
2017-09-13,57.9559
2017-09-14,57.4996
2017-09-15,57.6329
2017-09-18,58.1199
2017-09-19,58.1302
2017-09-20,58.1041
2017-09-21,57.901
2017-09-22,57.4783
2017-09-25,57.571
2017-09-26,57.8226
2017-09-27,58.1983
2017-09-28,57.9127
2017-09-29,57.4898
2017-10-02,57.899
2017-10-03,57.9168
2017-10-04,57.6845
2017-10-05,57.6916
2017-10-06,58.188
2017-10-09,58.347
2017-10-10,57.9808
2017-10-11,57.831
2017-10-12,57.6879
2017-10-13,57.174
2017-10-16,57.3217
2017-10-17,57.2975
2017-10-18,57.4379
2017-10-19,57.2734
2017-10-20,57.4945
2017-10-23,57.548
2017-10-24,57.6412
2017-10-25,57.7552
2017-10-26,57.856
2017-10-27,58.068
2017-10-30,57.9716
2017-10-31,58.3289
2017-11-01,58.2807
2017-11-02,58.1619
2017-11-03,59.08
2017-11-07,59.3594
2017-11-08,59.2551
2017-11-09,59.2894
2017-11-10,59.2115
2017-11-13,59.3625
2017-11-14,60.2303
2017-11-15,60.2027
2017-11-16,59.6749
2017-11-17,59.0623
2017-11-20,59.3469
2017-11-21,59.1888
2017-11-22,58.5001
2017-11-23,58.4456
2017-11-24,58.3732
2017-11-27,58.4853
2017-11-28,58.3803
2017-11-29,58.6144
2017-11-30,58.438
2017-12-01,58.896
2017-12-04,58.8003
2017-12-05,58.7367
2017-12-06,59.218
2017-12-07,59.1867
2017-12-08,59.1639
2017-12-11,58.9983
2017-12-12,59.296
2017-12-13,58.619
2017-12-14,58.7556
2017-12-15,58.8009
2017-12-18,58.6635
2017-12-19,58.7743
2017-12-20,58.7035
2017-12-21,58.4615
2017-12-22,58.3697
2017-12-25,57.9674
2017-12-26,57.623
2017-12-27,57.7424
2017-12-28,57.5153
2017-12-29,57.6114
2018-01-03,57.2561
2018-01-04,56.8765
2018-01-05,56.9903
2018-01-09,56.993
2018-01-10,57.0222
2018-01-11,56.4285
2018-01-12,56.6433
2018-01-15,56.3352
2018-01-16,56.5307
2018-01-17,56.7504
2018-01-18,56.5177
2018-01-19,56.7174
2018-01-22,56.5021
2018-01-23,56.3553
2018-01-24,56.178
2018-01-25,55.9244
2018-01-26,56.2572
2018-01-29,56.3178
2018-01-30,56.3823
2018-01-31,56.2075
2018-02-01,55.9171
2018-02-02,56.5501
2018-02-05,57.2066
2018-02-06,56.8765
2018-02-07,57.611
2018-02-08,58.4188
2018-02-09,58.3863
2018-02-12,57.8294
2018-02-13,57.6292
2018-02-14,56.7102
2018-02-15,56.4008
2018-02-16,56.3906
2018-02-19,56.471
2018-02-20,56.5621
2018-02-21,56.7495
2018-02-22,56.5174
2018-02-26,55.7134
2018-02-27,56.2801
2018-02-28,56.3291
2018-03-01,56.8218
2018-03-02,56.8092
2018-03-05,56.4175
2018-03-06,56.6653
2018-03-07,56.8026
2018-03-09,56.6574
2018-03-12,56.8865
2018-03-13,57.0321
2018-03-14,57.1378
2018-03-15,57.4571
2018-03-16,57.4925
2018-03-19,57.8321
2018-03-20,57.5115
2018-03-21,56.8775
2018-03-22,57.2432
2018-03-23,57.2738
2018-03-26,57.1677
2018-03-27,57.514
2018-03-28,57.7175
2018-03-29,57.2599
2018-03-30,57.1444
2018-04-02,57.4961
2018-04-03,57.5754
2018-04-04,57.4433
2018-04-05,57.701
2018-04-06,58.1605
2018-04-09,60.6508
2018-04-10,63.0382
2018-04-11,62.5825
2018-04-12,62.0033
2018-04-13,62.0141
2018-04-16,61.1455
2018-04-17,61.5287
2018-04-18,60.8345
2018-04-19,60.8735
2018-04-20,61.3989
2018-04-23,61.8073
2018-04-24,61.6169
2018-04-25,62.4365
2018-04-26,62.7207
2018-04-27,62.1468
2018-04-28,62.2628
2018-04-30,62.9408
2018-05-02,64.0141
2018-05-03,63.0305
2018-05-04,62.5452
2018-05-07,62.9264
2018-05-08,63.2083
2018-05-10,61.71
2018-05-11,61.9193
2018-05-14,61.8468
2018-05-15,62.3277
2018-05-16,61.7229
2018-05-17,62.1747
2018-05-18,62.2749
2018-05-21,61.6018
2018-05-22,61.2143
2018-05-23,61.3504
2018-05-24,61.6104
2018-05-25,62.2765
2018-05-28,62.2991
2018-05-29,62.8181
2018-05-30,62.0777
2018-05-31,62.403
2018-06-01,62.2012
2018-06-04,62.0607
2018-06-05,62.1456
2018-06-06,61.7848
2018-06-07,62.4179
2018-06-08,62.3193
2018-06-09,62.5143
2018-06-11,62.8155
2018-06-13,62.5049
2018-06-14,62.6085
2018-06-15,63.188
2018-06-18,63.4583
2018-06-19,63.8736
2018-06-20,63.6888
2018-06-21,63.7063
2018-06-22,62.8773
2018-06-25,62.7825
2018-06-26,63.0303
2018-06-27,63.2109
2018-06-28,62.8012
2018-06-29,62.7338
2018-07-02,63.4293
2018-07-03,63.1266
2018-07-04,63.2333
2018-07-05,63.1154
2018-07-06,62.9677
2018-07-09,62.4951
2018-07-10,61.737
2018-07-11,62.3559
2018-07-12,62.2673
2018-07-13,62.5553
2018-07-16,62.3227
2018-07-17,62.5927
2018-07-18,62.9669
2018-07-19,63.6649
2018-07-20,63.5093
2018-07-23,63.0689
2018-07-24,63.3094
2018-07-25,62.8188
2018-07-26,62.9533
2018-07-27,62.7967
2018-07-30,62.2518
2018-07-31,62.5078
2018-08-01,63.0369
2018-08-02,63.3833
2018-08-03,63.3389
2018-08-06,63.7398
2018-08-07,63.5012
2018-08-08,65.549
2018-08-09,66.6899
2018-08-10,67.7061
2018-08-13,67.8125
2018-08-14,66.337
2018-08-15,67.2998
2018-08-16,66.8308
2018-08-17,67.0448
2018-08-20,67.1083
2018-08-21,67.2698
2018-08-22,68.028
2018-08-23,68.1905
2018-08-24,67.0894
2018-08-27,67.5231
2018-08-28,67.87
2018-08-29,67.9422
2018-08-30,68.2441
2018-08-31,67.5458
2018-09-03,68.1184
2018-09-04,68.1158
2018-09-05,68.2578
2018-09-06,69.2575
2018-09-07,69.9025
2018-09-10,70.5613
2018-09-11,69.4245
2018-09-12,69.0146
2018-09-13,68.2455
2018-09-14,68.0749
2018-09-17,68.0636
2018-09-18,67.3648
2018-09-19,66.8168
2018-09-20,66.2735
2018-09-21,66.4138
2018-09-24,65.8465
2018-09-25,65.8789
2018-09-26,65.8054
2018-09-27,65.6158
2018-09-28,65.5503
2018-10-01,64.9848
2018-10-02,65.503
2018-10-03,65.87
2018-10-04,67.0142
2018-10-05,66.5795
2018-10-08,66.5707
2018-10-09,66.2607
2018-10-10,66.8935
2018-10-11,66.2668
2018-10-12,66.1173
2018-10-15,65.6526
2018-10-16,65.3067
2018-10-17,65.4946
2018-10-18,65.8044
2018-10-19,65.4911
2018-10-22,65.242
2018-10-23,65.5107
2018-10-24,65.6765
2018-10-25,65.5962
2018-10-26,65.7188
2018-10-29,65.8499
2018-10-30,65.5526
2018-10-31,65.8789
2018-11-01,65.7256
2018-11-02,66.2021
2018-11-06,66.1311
2018-11-07,66.3182
2018-11-08,66.9029
2018-11-09,68.1088
2018-11-12,67.846
2018-11-13,68.1147
2018-11-14,67.0379
2018-11-15,65.892
2018-11-16,65.9801
2018-11-19,65.5405
2018-11-20,66.1682
2018-11-21,65.6668
2018-11-22,65.6232
2018-11-23,66.1953
2018-11-26,67.0954
2018-11-27,67.0611
2018-11-28,66.9647
2018-11-29,66.2124
2018-11-30,66.951
2018-12-03,66.5095
2018-12-04,66.8401
2018-12-05,66.5669
2018-12-06,66.8741
2018-12-07,66.4006
2018-12-10,66.6529
2018-12-11,66.3795
2018-12-12,66.3996
2018-12-13,66.2312
2018-12-14,66.745
2018-12-17,66.7793
2018-12-18,67.2727
2018-12-19,67.4674
2018-12-20,68.3253
2018-12-21,68.8671
2018-12-24,68.5829
2018-12-25,68.6627
2018-12-26,68.6993
2018-12-27,69.5675
2018-12-28,69.5012
2018-12-29,69.8319
2019-01-03,68.6577
2019-01-04,67.7368
2019-01-08,66.9003
2019-01-09,66.7328
2019-01-10,66.9102
2019-01-11,66.8938
2019-01-14,67.0783
2019-01-15,66.9595
2019-01-16,66.372
2019-01-17,66.3653
2019-01-18,66.2722
2019-01-21,66.3882
2019-01-22,66.5341
2019-01-23,66.0805
2019-01-24,65.7634
2019-01-25,65.9938
2019-01-28,66.264
2019-01-29,66.0576
2019-01-30,65.5051
2019-01-31,65.4103
2019-02-01,65.5049
2019-02-04,65.5888
2019-02-05,65.6228
2019-02-06,65.8698
2019-02-07,65.9173
2019-02-08,65.7932
2019-02-11,65.8422
2019-02-12,65.8784
2019-02-13,66.5134
2019-02-14,66.6512
2019-02-15,66.3093
2019-02-18,66.2745
2019-02-19,65.7666
2019-02-20,65.6328
2019-02-21,65.5739
2019-02-22,65.3869
2019-02-25,65.495
2019-02-26,65.6999
2019-02-27,65.7901
2019-02-28,65.9151
2019-03-01,65.9365
2019-03-04,65.7387
2019-03-05,65.7624
2019-03-06,65.9751
2019-03-07,66.2827
2019-03-11,65.9751
2019-03-12,65.6236
2019-03-13,65.3932
2019-03-14,65.514
2019-03-15,64.8075
2019-03-18,64.3651
2019-03-19,64.38
2019-03-20,63.8577
2019-03-21,63.8684
2019-03-22,64.6616
2019-03-25,64.0807
2019-03-26,64.3919
2019-03-27,64.8291
2019-03-28,64.9382
2019-03-29,65.634
2019-04-01,65.1784
2019-04-02,65.299
2019-04-03,65.2355
2019-04-04,65.4796
2019-04-05,65.3465
2019-04-08,64.8788
2019-04-09,64.9032
2019-04-10,64.3223
2019-04-11,64.6097
2019-04-12,64.3497
2019-04-15,64.267
2019-04-16,64.1045
2019-04-17,63.8584
2019-04-18,63.8939
2019-04-19,64.0515
2019-04-22,63.8083
2019-04-23,63.6853
2019-04-24,64.3406
2019-04-25,64.6565
2019-04-26,64.7334
2019-04-29,64.4728
2019-04-30,64.6373
2019-05-02,65.4368
2019-05-03,65.088
2019-05-06,65.2236
2019-05-07,65.3974
2019-05-08,65.0687
2019-05-10,65.1033
2019-05-13,65.4278
2019-05-14,64.945
2019-05-15,64.6534
2019-05-16,64.6215
2019-05-17,64.7683
2019-05-20,64.5266
2019-05-21,64.4213
2019-05-22,64.3877
2019-05-23,64.8495
2019-05-24,64.4809
2019-05-27,64.4589
2019-05-28,64.7077
2019-05-29,64.9661
2019-05-30,65.1893
2019-05-31,65.4306
2019-06-03,65.3445
2019-06-04,65.1582
2019-06-05,65.3773
2019-06-06,65.085
2019-06-07,64.87
2019-06-10,64.7798
2019-06-11,64.5588
2019-06-13,64.5806
2019-06-14,64.3915
2019-06-17,64.3192
2019-06-18,64.025
2019-06-19,63.7783
2019-06-20,62.91
2019-06-21,63.0073
2019-06-24,62.584
2019-06-25,62.8613
2019-06-26,63.0602
2019-06-27,63.0788
2019-06-28,63.2305
2019-07-01,62.973
2019-07-02,63.311
2019-07-03,63.322
2019-07-04,63.4766
2019-07-05,63.8159
2019-07-08,63.6823
2019-07-09,63.9014
2019-07-10,63.1755
2019-07-11,62.8166
2019-07-12,62.9505
2019-07-15,62.6628
2019-07-16,63.0391
2019-07-17,62.9353
2019-07-18,62.8087
2019-07-19,63.0295
2019-07-22,63.096
2019-07-23,63.1609
2019-07-24,63.2936
2019-07-25,63.2336
2019-07-26,63.3663
2019-07-29,63.4357
2019-07-30,63.5067
2019-07-31,63.6284
2019-08-01,64.3518
2019-08-02,65.2713
2019-08-05,65.5195
2019-08-06,65.2723
2019-08-07,65.3237
2019-08-08,65.0435
2019-08-09,65.2816
2019-08-12,65.4132
2019-08-13,64.9112
2019-08-14,66.0531
2019-08-15,66.0533
2019-08-16,66.5148
2019-08-19,66.8987
2019-08-20,66.5455
2019-08-21,65.754
2019-08-22,65.6081
2019-08-23,65.999
2019-08-26,66.0593
2019-08-27,66.4352
2019-08-28,66.7779
2019-08-29,66.5718
2019-08-30,66.7657
2019-09-02,66.7973
2019-09-03,66.7693
2019-09-04,66.2255
2019-09-05,66.2335
2019-09-06,65.7289
2019-09-09,65.5344
2019-09-10,65.4233
2019-09-11,65.4915
2019-09-12,64.7151
2019-09-13,64.3403
2019-09-16,64.0405
2019-09-17,64.3652
2019-09-18,64.163
2019-09-19,63.9748
2019-09-20,64.02
2019-09-23,63.8469
2019-09-24,63.9902
2019-09-25,64.1506
2019-09-26,64.2124
2019-09-27,64.6841
2019-09-30,64.8569
2019-10-01,65.2647
2019-10-02,65.2033
2019-10-03,65.1317
2019-10-04,64.6288
2019-10-07,64.9596
2019-10-08,65.2004
2019-10-09,64.8895
2019-10-10,64.4582
2019-10-11,64.2224
2019-10-14,64.295
2019-10-15,64.2749
2019-10-16,64.0773
2019-10-17,64.1176
2019-10-18,63.7651
2019-10-21,63.7151
2019-10-22,63.7282
2019-10-23,63.9333
2019-10-24,64.0693
2019-10-25,63.8639
2019-10-28,63.752
2019-10-29,63.9463
2019-10-30,63.8536
2019-10-31,64.1328
2019-11-01,63.5244
2019-11-05,63.4946
2019-11-06,63.8725
2019-11-07,63.5284
2019-11-08,63.8046
2019-11-11,63.8874
2019-11-12,64.2272
2019-11-13,64.3456
2019-11-14,63.9828
2019-11-15,63.7628
2019-11-18,63.8278
2019-11-19,63.8192
2019-11-20,63.8991
2019-11-21,63.7094
2019-11-22,63.8623
2019-11-25,63.9381
2019-11-26,63.9516
2019-11-27,63.9615
2019-11-28,64.0735
2019-11-29,64.3195
2019-12-02,64.1748
2019-12-03,64.1502
2019-12-04,63.9429
2019-12-05,63.7294
2019-12-06,63.7533
2019-12-09,63.5847
2019-12-10,63.5011
2019-12-11,63.2695
2019-12-12,62.8402
2019-12-13,62.8624
2019-12-16,62.4428
2019-12-17,62.4038
2019-12-18,62.661
2019-12-19,62.4133
2019-12-20,62.2634
2019-12-23,62.268
2019-12-24,61.9669
2019-12-25,61.8489
2019-12-26,62.2138
2019-12-27,62.0332
2019-12-30,61.9863
2020-01-03,62.0922
2020-01-06,61.8227
2020-01-08,61.2437
2020-01-09,61.283
2020-01-10,61.0548
2020-01-13,61.2727
2020-01-14,61.4394
2020-01-15,61.4315
2020-01-16,61.6574
2020-01-17,61.5573
2020-01-20,61.5553
2020-01-21,61.8802
2020-01-22,61.8397
2020-01-23,61.902
2020-01-24,62.0857
2020-01-27,62.9797
2020-01-28,62.2825
2020-01-29,62.5451
2020-01-30,63.2759
2020-01-31,63.9203
2020-02-03,63.715
2020-02-04,63.1093
2020-02-05,62.8877
2020-02-06,63.3488
2020-02-07,64.11
2020-02-10,64.1332
2020-02-11,63.3759
2020-02-12,63.2143
2020-02-13,63.6413
2020-02-14,63.5556
2020-02-17,63.4645
2020-02-18,63.8115
2020-02-19,63.571
2020-02-20,64.2038
2020-02-21,64.0561
2020-02-25,65.3726
2020-02-26,65.4708
2020-02-27,66.0217
2020-02-28,66.8806
2020-03-02,66.4319
2020-03-03,65.9881
2020-03-04,66.2666
2020-03-05,67.6538
2020-03-06,68.5685
2020-03-10,71.3747
2020-03-11,72.9375
2020-03-12,74.8742
2020-03-13,72.6133
2020-03-16,74.6596
2020-03-17,75.4362
2020-03-18,80.8692
2020-03-19,79.1566
2020-03-20,79.9236
2020-03-23,79.5936
2020-03-24,78.2965
2020-03-25,78.2023
2020-03-26,77.4751
2020-03-27,78.8122
2020-03-30,79.3378
2020-03-31,78.4426
2020-04-01,78.731
2020-04-02,77.2349
2020-04-03,76.4918
2020-04-06,76.0059
2020-04-07,75.5471
2020-04-08,74.9406
2020-04-09,74.2565
2020-04-10,73.7523
2020-04-13,73.6013
2020-04-14,72.9953
2020-04-15,74.8437
2020-04-16,74.1841
2020-04-17,73.958
2020-04-20,75.5185
2020-04-21,77.0694
2020-04-22,75.9065
2020-04-23,74.7727
2020-04-24,74.5651
2020-04-27,74.4935
2020-04-28,74.1033
2020-04-29,73.0162
2020-04-30,74.3813
2020-05-04,74.8191
2020-05-05,73.7551
2020-05-06,74.5643
2020-05-07,74.1003
2020-05-08,73.4267
2020-05-12,73.7134
2020-05-13,73.929
2020-05-14,73.4875
2020-05-15,73.616
2020-05-18,72.6718
2020-05-19,72.4881
2020-05-20,71.118
2020-05-21,70.9631
2020-05-22,71.6123
2020-05-25,71.6901
2020-05-26,70.7948
2020-05-27,71.0038
2020-05-28,70.4928
2020-05-29,70.1445
2020-06-01,69.1249
2020-06-02,68.6754
2020-06-03,68.6504
2020-06-04,69.1601
2020-06-05,68.686
2020-06-08,68.1966
2020-06-09,68.5617
2020-06-10,68.4949
2020-06-11,70.2013
2020-06-15,69.5536
2020-06-16,69.6567
2020-06-17,69.7446
2020-06-18,69.8744
2020-06-19,69.446
2020-06-22,69.1003
2020-06-23,68.8651
2020-06-25,69.0183
2020-06-26,69.7955
2020-06-29,69.998
2020-06-30,71.1734
2020-07-02,70.5747
2020-07-03,71.3983
2020-07-06,71.8276
2020-07-07,71.4936
2020-07-08,71.1138
2020-07-09,70.9414
2020-07-10,70.7118
2020-07-13,70.9912
2020-07-14,70.8703
2020-07-15,70.9881
2020-07-16,71.592
2020-07-17,71.8825
2020-07-20,71.3428
2020-07-21,70.7443
2020-07-22,71.0675
2020-07-23,71.4585
2020-07-24,71.729
2020-07-27,71.565
2020-07-28,72.5804
2020-07-29,72.581
2020-07-30,73.1543
2020-07-31,74.4114
2020-08-03,73.1149
2020-08-04,73.5325
2020-08-05,72.8745
2020-08-06,73.2782
2020-08-07,73.717
2020-08-10,73.4667
2020-08-11,73.1506
2020-08-12,73.7116
2020-08-13,72.9555
2020-08-14,72.8558
2020-08-17,73.7015
2020-08-18,73.1634
2020-08-19,73.292
2020-08-20,73.7823
2020-08-21,74.7995
2020-08-24,74.6401
2020-08-25,75.3312
2020-08-26,75.3995
2020-08-27,74.9588
2020-08-28,74.0056
2020-08-31,74.0718
2020-09-01,73.5765
2020-09-02,75.4015
2020-09-03,75.268
2020-09-04,75.4087
2020-09-07,75.7585
2020-09-08,76.2826
2020-09-09,75.3163
2020-09-10,75.2048
2020-09-11,75.0956
2020-09-14,75.2574
2020-09-15,75.0223
2020-09-16,74.9778
2020-09-17,75.2033
2020-09-18,75.744
2020-09-21,76.1224
2020-09-22,76.0992
2020-09-23,77.0808
2020-09-24,77.1487
2020-09-25,78.2164
2020-09-28,79.0566
2020-09-29,79.0732
2020-09-30,77.6319
2020-10-01,77.3346
2020-10-02,78.1851
2020-10-05,78.1055
2020-10-06,78.449
2020-10-07,78.032
2020-10-08,77.3714
2020-10-09,76.7675
2020-10-12,77.1449
2020-10-13,77.0491
2020-10-14,77.6328
2020-10-15,78.0885
2020-10-16,77.8938
2020-10-19,77.65
2020-10-20,77.3423
2020-10-21,76.7229
2020-10-22,76.6168
2020-10-23,76.1235
2020-10-26,76.495
2020-10-27,77.3059
2020-10-28,79.2242
2020-10-29,78.8685
2020-10-30,79.5257
2020-11-02,80.5386
2020-11-03,79.3552
2020-11-05,77.0264
2020-11-06,77.4158
2020-11-09,76.3064
2020-11-10,76.57
2020-11-11,77.1139
2020-11-12,77.3496
2020-11-13,77.4023
2020-11-16,76.1698
2020-11-17,76.2305
2020-11-18,76.0511
2020-11-19,76.0553
2020-11-20,76.1924
2020-11-23,76.1755
2020-11-24,75.4715
2020-11-25,75.5406
2020-11-26,75.7072
2020-11-27,75.8605
2020-11-30,76.4033
2020-12-01,75.8453
2020-12-02,75.0718
2020-12-03,74.4431
2020-12-04,74.0634
2020-12-07,73.6484
2020-12-08,73.5166
2020-12-09,73.8723
2020-12-10,73.0484
2020-12-11,72.9572
2020-12-14,73.8683
2020-12-15,73.3824
2020-12-16,73.3497
2020-12-17,72.862
2020-12-18,73.3477
2020-12-21,74.8058
2020-12-22,75.8958
2020-12-23,75.0744
2020-12-24,73.8873
2020-12-25,74.1956
2020-12-28,73.757
2020-12-29,74.0354
2020-12-30,74.4121
2021-01-04,74.3051
2021-01-05,74.0283
2021-01-06,73.9221
2021-01-08,74.1636
2021-01-11,74.6691
2021-01-12,73.5369
2021-01-13,73.7649
2021-01-14,73.2179
2021-01-15,73.6309
2021-01-18,74.0232
2021-01-19,73.6709
2021-01-20,73.5241
2021-01-21,73.834
2021-01-22,75.2899
2021-01-25,75.346
2021-01-26,75.0963
2021-01-27,75.8464
2021-01-28,75.9592
2021-01-29,75.7404
2021-02-01,76.1354
2021-02-02,76.224
2021-02-03,75.9423
2021-02-04,75.5065
2021-02-05,74.6528
2021-02-08,74.3034
2021-02-09,73.8836
2021-02-10,73.9408
2021-02-11,73.6155
2021-02-12,73.7114
2021-02-15,73.3225
2021-02-16,73.6533
2021-02-17,73.7194
2021-02-18,73.9036
2021-02-19,74.1116
2021-02-20,74.0545
2021-02-22,74.313
2021-02-24,73.5305
2021-02-25,74.7301
2021-02-26,74.6196
2021-03-01,74.1739
2021-03-02,73.8165
2021-03-03,73.9755
2021-03-04,74.703
2021-03-05,74.2287
2021-03-09,73.9083
2021-03-10,73.6031
2021-03-11,73.3037
2021-03-12,73.3335
2021-03-15,72.817
2021-03-16,72.8728
2021-03-17,73.6311
2021-03-18,74.3129
2021-03-19,74.1213
2021-03-22,74.9227
2021-03-23,76.3799
2021-03-24,76.5795
2021-03-25,76.187
2021-03-26,75.6633
2021-03-29,75.6648
2021-03-30,75.8495
2021-03-31,75.6987
2021-04-01,76.2673
2021-04-02,76.516
2021-04-05,76.3881
2021-04-06,77.2618
2021-04-07,76.9759
2021-04-08,76.8609
2021-04-09,77.3964
2021-04-12,77.3698
2021-04-13,75.9373
2021-04-14,75.8828
2021-04-15,76.3372
2021-04-16,75.8268
2021-04-19,76.3583
2021-04-20,76.8116
2021-04-21,76.6218
2021-04-22,75.4239
2021-04-23,74.9806
2021-04-26,75.0048
2021-04-27,74.9065
2021-04-28,74.4065
2021-04-29,74.63
2021-04-30,75.2073
2021-05-04,74.8595
2021-05-05,74.8614
2021-05-06,74.24
2021-05-07,73.7955
2021-05-10,74.3512
2021-05-11,74.1117
2021-05-12,74.6465
2021-05-13,74.0554
2021-05-14,74.0079
2021-05-17,73.8023
2021-05-18,73.7118
2021-05-19,73.7722
2021-05-20,73.5218
2021-05-21,73.6222
2021-05-24,73.47
2021-05-25,73.5014
2021-05-26,73.5012
2021-05-27,73.4885
2021-05-28,73.1646
2021-05-31,73.4341
2021-06-01,73.511
2021-06-02,73.1472
2021-06-03,73.2447
2021-06-04,72.7878
2021-06-07,72.8164
2021-06-08,72.2935
2021-06-09,72.3117
2021-06-10,71.7738
2021-06-11,72.1126
2021-06-14,72.1015
2021-06-15,72.1801
2021-06-16,72.6047
2021-06-17,72.3255
2021-06-18,72.8175
2021-06-21,73.1372
2021-06-22,72.8844
2021-06-23,72.6076
2021-06-24,72.3227
2021-06-25,72.2047
2021-06-28,72.1155
2021-06-29,72.7672
2021-06-30,73.1522
2021-07-01,73.4087
2021-07-02,73.257
2021-07-05,73.4725
2021-07-06,74.4429
2021-07-07,74.7066
2021-07-08,74.7731
2021-07-09,74.3555
2021-07-12,74.4354
2021-07-13,74.3195
2021-07-14,74.083
2021-07-15,74.3597
2021-07-16,74.084
2021-07-19,74.6509
2021-07-20,74.3593
2021-07-21,74.0119
2021-07-22,73.6974
2021-07-23,73.7426
2021-07-26,73.6405
2021-07-27,73.7395
2021-07-28,73.4968
2021-07-29,73.1489
2021-07-30,73.1409
2021-08-02,73.0467
2021-08-03,72.9504
2021-08-04,73.144
2021-08-05,73.0848
2021-08-06,73.4602
2021-08-09,73.6921
2021-08-10,73.9234
2021-08-11,73.3795
2021-08-12,73.611
2021-08-13,73.2193
2021-08-16,73.2434
2021-08-17,73.572
2021-08-18,73.8237
2021-08-19,74.1661
2021-08-20,74.2646
2021-08-23,74.1489
2021-08-24,73.736
2021-08-25,73.9352
2021-08-26,74.2299
2021-08-27,73.5503
2021-08-30,73.5048
2021-08-31,73.2274
2021-09-01,72.964
2021-09-02,72.8758
2021-09-03,72.731
2021-09-06,72.9965
2021-09-07,73.2829
2021-09-08,73.1484
2021-09-09,72.9789
2021-09-10,73.1879
2021-09-13,72.6412
2021-09-14,72.9103
2021-09-15,72.2914
2021-09-16,72.5456
2021-09-17,72.8628
2021-09-20,73.4628
2021-09-21,73.0868
2021-09-22,73.0185
2021-09-23,72.8258
2021-09-24,72.7358
2021-09-27,72.5378
2021-09-28,72.775
2021-09-29,72.8545
2021-09-30,72.7514
2021-10-01,72.7254
2021-10-04,72.4976
2021-10-05,72.3589
2021-10-06,72.4043
2021-10-07,71.6867
2021-10-08,71.8892
2021-10-11,71.87
2021-10-12,71.8655
2021-10-13,72.0023
2021-10-14,71.3604
2021-10-15,71.0283
2021-10-18,71.3035
2021-10-19,70.8617
2021-10-20,70.8265
2021-10-21,71.1022
2021-10-22,70.3281
2021-10-25,69.7474
2021-10-26,69.5439
2021-10-27,70.6361
2021-10-28,70.2206
2021-10-29,70.9464
2021-11-01,71.569
2021-11-02,71.5309
2021-11-03,71.7541
2021-11-05,71.2568
2021-11-08,71.2167
2021-11-09,70.7175
2021-11-10,71.2839
2021-11-11,71.6154
2021-11-12,72.8919
2021-11-15,72.5446
2021-11-16,73.1238
2021-11-17,72.5452
2021-11-18,73.0995
2021-11-19,73.4834
2021-11-22,74.8046
2021-11-23,74.2883
2021-11-24,74.9821
2021-11-25,74.6918
2021-11-26,75.61
2021-11-29,74.6111
2021-11-30,74.0838
2021-12-01,74.2515
2021-12-02,73.6581
2021-12-03,73.9072
2021-12-06,74.3613
2021-12-07,74.0426
2021-12-08,73.5993
2021-12-09,73.7411
2021-12-10,73.3758
2021-12-13,73.5138
2021-12-14,73.7913
2021-12-15,73.6998
2021-12-16,73.7575
2021-12-17,74.1326
2021-12-20,74.1728
2021-12-21,74.0007
2021-12-22,73.771
2021-12-23,73.3072
2021-12-24,73.6673
2021-12-27,73.4634
2021-12-28,73.7359
2021-12-29,74.0
2021-12-30,74.6539
2022-01-03,74.5508
2022-01-04,75.37
2022-01-05,76.7857
2022-01-06,76.313
2022-01-07,75.7408
2022-01-10,75.0159
2022-01-11,74.4665
2022-01-12,74.7154
2022-01-13,76.2755
2022-01-14,76.2202
2022-01-17,76.1055
2022-01-18,76.935
2022-01-19,76.2065
2022-01-20,76.6814
2022-01-21,77.4485
2022-01-24,78.786
2022-01-25,78.6456
2022-01-26,79.496
2022-01-27,78.0065
2022-01-28,77.8279
2022-01-31,77.3792
2022-02-01,76.8603
2022-02-02,76.0472
2022-02-03,76.5108
2022-02-04,75.8385
2022-02-07,75.4971
2022-02-08,75.0091
2022-02-09,74.7189
2022-02-10,75.0216
2022-02-11,77.1905
2022-02-14,76.7799
2022-02-15,75.3519
2022-02-16,75.2537
2022-02-17,76.3088
2022-02-18,77.332
2022-02-21,80.017
2022-02-22,78.5987
2022-02-23,81.148
2022-02-24,84.0475
2022-02-25,105.271
2022-02-28,106.0405
2022-03-01,108.5435
2022-03-02,102.8505
2022-03-03,109.896
2022-03-04,122.5375
2022-03-07,143.0
2022-03-08,127.5
2022-03-09,120.0
2022-03-10,118.5
2022-03-11,114.2525
2022-03-14,114.1025
2022-03-15,110.1
2022-03-16,108.0
2022-03-17,103.15
2022-03-18,104.82
2022-03-21,104.0
2022-03-22,103.55
2022-03-23,97.7375
2022-03-24,97.0
2022-03-25,96.0
2022-03-28,89.75
2022-03-29,85.25
2022-03-30,84.55
2022-03-31,83.2
2022-04-01,83.95
2022-04-04,84.0
2022-04-05,83.3125
2022-04-06,79.7
2022-04-07,75.75
2022-04-08,76.08
2022-04-11,79.065
2022-04-12,79.68
2022-04-13,79.8675
2022-04-14,80.8975
2022-04-15,79.995
2022-04-18,79.75
2022-04-19,78.515
2022-04-20,76.4125
2022-04-21,74.785
2022-04-22,75.45
2022-04-25,73.125
2022-04-26,73.525
2022-04-27,72.78
2022-04-28,72.08
2022-04-29,70.96
2022-05-03,70.96
2022-05-04,66.3
2022-05-05,67.0
2022-05-06,69.4025
2022-05-09,69.4025
2022-05-11,67.2
2022-05-12,63.3
2022-05-13,64.545
2022-05-16,63.4
2022-05-17,63.6
2022-05-18,63.445
2022-05-19,61.905
2022-05-20,60.2325
2022-05-23,57.8675
2022-05-24,56.8
2022-05-25,59.33
2022-05-26,65.26
2022-05-27,66.7
2022-05-30,62.25
2022-05-31,61.5
2022-06-01,61.28
2022-06-02,61.65
2022-06-03,60.95
2022-06-06,61.0175
2022-06-07,61.0425
2022-06-08,59.4
2022-06-09,59.35
2022-06-10,56.8
2022-06-14,56.6
2022-06-15,56.96
2022-06-16,56.5
2022-06-17,56.41
2022-06-20,55.63
2022-06-21,53.775
2022-06-22,53.15
2022-06-23,53.465
2022-06-24,53.4
2022-06-27,53.385
2022-06-28,51.8
2022-06-29,53.2375
2022-06-30,51.45
2022-07-01,54.5
2022-07-04,55.24
2022-07-05,61.15
2022-07-06,63.35
2022-07-07,61.95
2022-07-08,60.92
2022-07-11,58.9
2022-07-12,58.94
2022-07-13,58.27
2022-07-14,58.3
2022-07-15,57.165
2022-07-18,56.34
2022-07-19,55.4525
2022-07-20,55.02
2022-07-21,56.6475
2022-07-22,57.29
2022-07-25,58.11
2022-07-26,60.55
2022-07-27,59.88
2022-07-28,60.82
2022-07-29,61.62
2022-08-01,60.17
2022-08-02,60.295
2022-08-03,60.58
2022-08-04,60.35
2022-08-05,60.58
2022-08-08,60.755
2022-08-09,60.1475
2022-08-10,60.665
2022-08-11,60.67
2022-08-12,60.605
2022-08-15,61.225
2022-08-16,60.9
2022-08-17,60.75
2022-08-18,59.5325
2022-08-19,59.1
2022-08-22,59.87
2022-08-23,59.89
2022-08-24,59.8875
2022-08-25,60.145
2022-08-26,60.5
2022-08-29,60.3975
2022-08-30,59.94
2022-08-31,60.23
2022-09-01,60.31
2022-09-02,60.58
2022-09-05,60.87
2022-09-06,61.235
2022-09-07,60.79
2022-09-08,60.73
2022-09-09,60.6
2022-09-12,60.24
2022-09-13,59.9
2022-09-14,59.885
2022-09-15,59.8
2022-09-16,60.275
2022-09-19,60.16
2022-09-20,60.6
2022-09-21,60.69
2022-09-22,58.84
2022-09-23,57.92
2022-09-26,58.395
2022-09-27,58.4575
2022-09-28,57.54
2022-09-29,57.21
2022-09-30,58.45
2022-10-03,58.86
2022-10-04,58.95
2022-10-05,60.1725
2022-10-06,60.9025
2022-10-07,61.0025
2022-10-10,62.69
2022-10-11,63.66
2022-10-12,64.42
2022-10-13,63.63
2022-10-14,62.1075
2022-10-17,61.65
2022-10-18,61.575
2022-10-19,61.735
2022-10-20,61.4
2022-10-21,61.29
2022-10-24,61.185
2022-10-25,61.4875
2022-10-26,61.75
2022-10-27,61.725
2022-10-28,61.52
2022-10-31,61.4775
2022-11-01,61.2375
2022-11-02,61.8
2022-11-03,62.1
2022-11-07,61.0
2022-11-08,60.9925
2022-11-09,61.31
2022-11-10,60.53
2022-11-11,60.5375
2022-11-14,60.55
2022-11-15,60.4
2022-11-16,60.35
2022-11-17,60.53
2022-11-18,60.4025
2022-11-21,60.85
2022-11-22,60.6825
2022-11-23,60.7
2022-11-24,60.6725
2022-11-25,60.5025
2022-11-28,61.2275
2022-11-29,61.0225
2022-11-30,60.99
2022-12-01,61.49
2022-12-02,62.0
2022-12-05,62.35
2022-12-06,63.085
2022-12-07,62.75
2022-12-08,62.7725
2022-12-09,62.43
2022-12-12,62.8
2022-12-13,62.85
2022-12-14,63.995
2022-12-15,64.3525
2022-12-16,64.65
2022-12-19,67.72
2022-12-20,68.875
2022-12-21,70.995
2022-12-22,68.95
2022-12-23,70.2
2022-12-26,69.29
2022-12-27,70.4
2022-12-28,72.19
2022-12-29,72.175
2022-12-30,69.9
